First Name,Last Name,Position,SEC,STY,HGT,WGT,NAT,HND,ROK,DAY,MON,CLK,SHO,PLY,STK,CHK,POS,HIT,SKA,END,DIS,FAC,LDR,STR,FIG,INJ,TOT,TBN ID,EHM ID,CON,GRD,OVR,GRADE
Andrew,Walker,5,3,3,7,210,1,1,0,27,12,1,95,70,85,30,77,45,90,85,30,50,50,70,50,60,410,126,2,200,56,75,A
Cav,Benoit,2,0,7,10,220,11,0,0,1,1,5,30,81,60,93,82,82,80,79,40,50,76,86,50,50,473,60167,3,200,110,83,A
Blaine,Muzyka,2,0,7,7,260,1,1,0,13,11,7,50,62,68,84,76,76,67,63,31,50,50,78,50,58,398,345,4,85,175,74,C
Michael,Olson,1,0,5,10,199,2,0,0,28,2,1,86,86,50,85,86,88,50,85,20,81,50,50,50,60,449,6372,5,90,198,80,A
Danny,Laflamme,1,0,5,7,183,1,1,0,1,1,3,71,68,50,67,76,76,66,72,20,80,50,68,50,50,363,5282,6,60,116,69,D
Dan,Sgambelluri,3,5,5,6,210,1,1,0,8,10,9,61,61,61,60,63,62,61,60,51,80,80,60,80,80,366,174,7,50,149,70,D
Miren,Makwana,3,5,3,4,150,1,1,0,28,12,3,70,70,71,75,71,45,80,70,30,50,50,69,50,60,375,47,8,50,171,71,D
Nick,Gratton,4,5,5,7,195,1,1,0,1,1,8,62,62,54,62,61,57,73,59,33,78,52,56,50,50,310,44754,9,25,118,63,E
Vojtech,Uhlir,2,0,6,12,205,4,0,0,17,9,6,30,72,66,93,82,66,72,74,41,50,52,72,50,51,401,27034,10,85,160,74,C
Will,Telfer,3,5,2,11,202,2,0,0,3,11,2,81,92,77,72,69,45,88,70,40,50,62,70,50,60,431,215,11,135,126,78,B
Jason,Wiedmann,2,0,8,8,185,1,1,0,16,12,2,54,87,79,84,75,68,77,72,21,50,50,60,50,60,422,392,12,135,148,77,B
Kevin,Woodley,4,0,5,8,205,1,1,0,23,5,1,90,81,79,79,71,68,74,65,20,78,50,79,50,56,461,42733,13,200,90,81,A
Ivo,Ernstsons,4,3,5,2,155,14,1,0,1,1,10,67,67,65,58,61,58,65,57,32,74,50,54,50,51,310,22143,14,25,117,63,E
Stephan,Glapa,4,5,3,5,190,2,1,0,1,1,1,72,71,69,46,53,53,71,60,40,81,50,56,50,52,310,1425,15,25,106,63,E
Cody,Litwiler,4,3,2,5,180,2,1,0,1,1,2,82,87,83,49,61,45,89,88,25,97,80,64,50,71,440,4464,16,135,107,79,B
Timo,Toivonen,3,5,1,3,190,6,0,0,1,1,2,74,64,77,59,62,56,68,54,28,50,50,53,50,50,310,5252,17,25,127,63,E
James,Switzer,3,5,5,9,175,1,0,0,1,1,3,50,56,45,74,61,71,66,62,20,50,50,71,56,54,310,1623,18,25,148,63,E
Hans,Missenheim,3,5,5,6,202,1,1,0,1,1,4,63,62,64,63,64,61,65,57,32,54,50,57,50,55,310,50358,19,25,132,63,E
Konstantin,Kuehn,5,3,1,1,155,10,1,0,9,5,6,76,56,76,49,65,45,74,63,29,50,50,64,50,53,310,246,20,25,130,63,E
Mark,Gallagher,5,3,4,12,200,1,1,0,1,1,6,62,62,71,53,47,68,67,65,22,50,62,72,50,51,310,62259,21,25,123,63,E
Rob,Felizardo,5,3,3,2,145,2,1,0,1,1,7,76,67,70,51,58,57,70,56,34,59,50,55,50,51,310,240,22,25,122,63,E
Zack,Marshall,5,3,1,2,150,2,1,0,1,1,8,77,64,64,60,64,58,65,58,32,50,50,53,50,51,310,236,23,25,129,63,E
Chayson,Millar,5,3,5,6,160,11,0,0,1,1,9,70,73,63,67,62,57,62,56,31,54,50,55,50,51,310,46229,24,25,129,63,E
Jay,Lopez,5,3,4,7,220,2,0,0,1,1,2,86,80,60,90,65,71,71,55,40,50,95,50,90,72,446,32969,25,200,94,80,A
Tim,Kunkel,3,5,5,11,185,2,0,0,28,8,3,87,61,74,64,65,65,82,71,41,50,60,84,50,61,428,53783,26,135,119,77,B
Sean,Bretherick,2,0,8,13,225,5,1,0,8,11,10,83,46,31,66,66,66,46,61,28,51,74,66,75,74,310,65359,27,25,141,63,E
Caleb,Christopherson,2,0,8,7,185,2,0,0,1,1,3,67,57,59,69,68,58,58,68,20,50,51,58,50,63,310,173,28,25,146,63,E
Tony,Nielsen,4,5,3,11,195,2,1,0,1,1,1,78,90,75,86,69,45,86,71,36,93,55,61,50,60,443,180,29,200,45,79,A
Christian,Larose,3,5,3,7,185,1,1,0,1,1,1,92,84,89,77,76,45,84,82,20,50,50,82,50,50,461,80,30,200,89,81,A
Matt,Sherris,4,5,2,11,170,1,1,0,5,12,1,82,82,77,65,71,45,78,64,38,83,73,78,50,58,425,222,31,200,27,77,A
Jay,Kosier,4,5,2,7,175,2,0,0,1,1,4,68,87,79,65,64,45,79,55,33,50,50,68,50,60,360,169,32,50,149,69,D
Gustav,Alm Oja,5,3,1,8,175,5,1,0,1,1,1,99,63,87,84,69,45,95,80,60,50,75,78,50,78,497,283,33,200,108,86,A
Ethan,Heraite,1,0,5,2,142,2,1,0,1,1,4,66,67,51,66,66,76,73,39,34,71,50,51,66,51,310,45814,34,50,90,63,E
Rami,Black,4,3,2,4,180,2,1,0,1,1,1,73,69,70,49,58,55,73,63,20,75,50,44,50,60,310,50891,35,25,126,63,E
Toulouse,Lautrec,2,0,6,6,185,19,0,0,12,10,6,30,60,65,70,80,62,90,70,30,50,50,80,50,80,395,46041,36,85,182,73,C
Vilhjalmur,Kempsson,1,0,5,5,178,11,1,0,1,1,10,69,66,50,57,68,68,50,62,20,69,51,71,69,55,310,35,37,50,99,63,E
Marcel,Schoenhardt,1,0,5,7,185,10,1,0,1,1,4,69,69,50,68,67,67,50,64,21,63,54,65,50,62,310,148,38,50,97,63,E
Jason,Hodgson,4,3,5,5,199,1,0,0,1,1,6,63,63,63,58,61,61,67,58,34,76,50,53,50,51,310,151,39,25,118,63,E
Ayaz,Karim,5,3,1,0,120,1,0,0,1,1,8,65,61,76,58,60,53,74,59,33,50,50,49,50,69,310,13,40,25,138,63,E
Daniel,Svensson,4,5,3,3,165,5,1,0,1,1,7,70,68,68,42,55,55,73,59,40,77,55,57,50,51,310,529,41,25,105,63,E
Chris,Baird,3,5,3,5,199,2,0,0,1,1,8,65,68,72,51,57,53,76,60,40,50,55,58,50,51,310,204,42,25,122,63,E
Sawyer,Withers,3,5,5,4,180,1,1,0,1,1,9,67,65,69,60,65,55,68,58,31,54,50,54,50,51,310,331,43,25,130,63,E
Grzegorz,Lemanski,3,5,3,3,170,18,0,0,1,1,10,72,72,83,49,50,53,75,62,34,50,50,54,50,51,310,12155,44,25,122,63,E
Robert,Hafström,3,5,5,5,172,5,1,0,1,1,1,76,58,67,58,65,58,68,57,32,50,50,54,50,50,310,2719,45,25,131,63,E
Yehudah,Ben-Lev,5,3,1,11,180,11,0,0,1,1,2,83,68,75,49,56,53,72,55,32,50,50,55,50,58,310,56564,46,25,131,63,E
Steve,Evans,3,5,5,7,195,2,0,0,1,1,7,65,62,64,63,64,59,67,59,32,55,50,54,50,52,310,192,47,25,134,63,E
Jim,McGregor,5,3,2,5,170,1,1,0,1,1,4,57,84,70,59,61,58,65,56,32,50,50,54,50,51,310,60841,48,25,129,63,E
Adam,Borg,5,3,3,7,200,1,1,0,25,10,1,99,99,99,40,68,51,99,70,33,50,60,60,50,80,467,232,49,200,109,82,A
Matty,Steele,2,0,8,10,199,1,1,0,22,12,4,84,99,82,79,73,64,84,68,20,50,50,52,50,50,446,5424,50,135,163,80,B
Hans,Largemann,2,0,6,17,240,10,0,0,25,12,5,50,75,70,85,77,77,80,80,55,50,50,85,50,85,485,3231,51,200,129,84,A
Tyler,O'Meara,2,3,6,15,225,1,1,0,17,8,5,30,83,70,95,80,68,80,70,40,50,60,75,50,70,443,4767,52,200,92,79,A
Victor,Olmos,5,3,3,6,180,11,0,0,21,8,4,75,75,75,51,59,57,73,47,37,50,50,67,50,54,331,3730,53,25,139,65,E
Eddy,Kempff,2,0,6,11,220,1,0,0,1,4,3,64,51,47,73,75,75,73,34,20,50,50,56,50,49,313,18026,54,25,159,63,E
Marcijan,Pavlovic,1,0,5,6,180,11,0,0,1,1,3,71,77,50,76,74,74,50,30,20,69,50,50,50,60,310,61389,55,50,111,63,E
Mike,Lake,2,0,6,12,220,1,0,0,5,8,5,50,69,60,80,74,74,70,70,28,50,50,50,50,50,363,275,56,50,165,69,D
Moses,Rabbenu,4,0,1,8,200,11,1,0,19,3,1,94,80,77,53,72,45,85,77,20,89,78,77,50,78,455,65883,57,85,191,81,C
Christopher,Drouin,5,4,3,6,181,2,0,0,6,9,3,78,77,73,56,52,46,65,61,28,50,50,66,54,65,310,58118,58,25,125,63,E
Tobi,Polzin,2,0,7,10,210,10,0,0,1,1,2,55,59,59,69,68,66,59,62,34,50,50,60,50,51,310,7367,59,25,136,63,E
Ville,Tahjanjoki,4,3,5,3,185,6,1,0,1,1,1,65,65,65,60,60,56,69,58,27,74,50,54,50,58,310,52650,60,25,125,63,E
Adam,L'Italien,4,3,1,5,190,2,0,0,1,1,2,73,73,72,45,55,55,69,62,33,76,50,52,50,50,310,471,61,25,113,63,E
Peter,Schust,4,5,5,5,190,2,0,0,1,1,3,53,53,53,65,65,58,72,55,32,75,52,71,50,51,310,61244,62,25,126,63,E
Cam,Wilson,4,3,5,6,198,1,1,0,1,1,4,53,54,53,72,69,65,65,57,31,69,50,57,50,51,310,54675,63,25,130,63,E
T-Jay,Harris,4,5,2,6,165,2,0,0,1,1,5,58,78,69,61,57,55,70,53,32,72,56,52,50,50,310,31,64,25,111,63,E
Jon,Eklund,4,5,3,6,200,5,1,0,1,1,6,72,72,67,58,59,56,65,57,31,67,50,54,50,51,310,211,65,25,121,63,E
Ben,Cory,2,0,7,14,240,2,0,0,2,6,4,61,30,30,78,73,73,63,62,32,50,50,79,75,72,337,43522,66,25,186,66,E
Kelly,Griffin,5,3,5,7,175,1,1,0,8,3,2,87,87,77,71,66,57,77,71,45,50,50,61,50,66,422,72,67,135,127,77,B
Chris,Savin,3,5,5,11,220,11,0,0,1,1,7,56,53,53,67,68,66,65,59,29,50,52,65,50,58,310,28528,68,25,146,63,E
Robert,Wright,3,5,1,4,175,2,0,0,1,1,8,83,62,70,51,60,51,77,54,29,50,50,54,50,60,310,27433,69,25,138,63,E
Alden,Bustos,3,5,5,2,160,2,0,0,1,1,9,60,67,75,61,63,58,67,56,30,54,50,54,50,51,310,286,70,25,133,63,E
Zach,Cuff,3,5,1,6,190,1,1,0,1,1,10,77,67,72,49,56,61,70,57,33,50,50,54,50,51,310,63688,71,25,129,63,E
Gage,Reisinger,3,5,5,1,155,2,1,0,1,1,10,63,63,62,63,64,64,64,57,31,55,51,54,50,55,310,47879,72,25,131,63,E
Doga,Magnum,5,3,4,17,240,2,0,0,29,5,2,83,81,62,63,75,65,81,80,35,50,65,80,50,77,461,9226,73,200,104,81,A
Peter,Bier,2,0,6,8,180,10,0,0,25,12,7,69,78,59,73,73,68,74,73,42,50,80,73,50,70,434,16139,74,135,128,78,B
Aelred,Leskowsky,4,3,3,5,200,1,0,0,20,10,1,97,82,80,55,74,45,86,80,20,90,70,80,50,80,473,45620,75,200,93,83,A
Matt,Friday,5,3,4,12,235,1,0,0,16,4,2,66,73,65,63,59,61,65,65,31,50,62,69,75,71,360,15126,76,50,161,69,D
Masked,Devilock,3,0,4,13,220,1,0,0,26,4,1,82,83,74,79,68,77,70,65,30,50,50,90,50,66,461,16366,77,200,100,81,A
Aira,Clarke,2,0,6,11,230,2,1,0,20,4,2,31,63,68,87,76,75,68,68,48,50,50,73,55,69,399,38795,78,50,208,74,D
Elias,Bistburg,3,5,1,8,198,5,1,0,16,4,10,92,67,90,40,73,47,89,65,28,50,69,47,50,60,381,48091,79,50,166,71,D
Dantuckie,de Québécois,4,0,2,10,230,1,1,0,4,7,2,30,89,78,78,64,62,67,68,39,74,50,78,50,64,387,2806,80,50,162,72,D
Rockey,Bhandari,4,5,5,6,195,1,0,0,1,1,4,64,64,58,60,64,58,67,64,30,70,50,54,50,51,310,33295,81,25,124,63,E
Charlie,Hooker,4,5,3,6,185,1,1,0,1,1,5,68,66,64,44,54,57,82,57,33,76,50,53,50,55,309,3,82,25,61,59,E
Mike,Charbonneau,2,0,7,8,210,1,0,0,6,6,3,49,51,35,88,79,72,70,70,20,50,50,74,78,68,375,56267,83,50,212,71,D
Nick,Church,2,0,7,11,240,2,0,0,25,12,3,40,44,69,91,78,83,59,86,25,50,50,82,82,80,431,62621,84,85,237,78,C
Sebastian,Härpäke,4,5,2,11,220,6,1,0,1,1,4,57,72,54,83,67,51,61,59,34,80,53,46,50,50,310,25953,85,25,107,63,E
Cam,Jameson,4,3,5,5,199,2,0,0,1,1,6,62,62,60,63,64,61,66,56,30,74,50,53,50,54,310,58929,86,25,128,63,E
Adam,Cushen,3,5,3,6,174,1,1,0,20,7,3,67,77,75,41,65,50,70,66,29,50,60,65,50,57,328,1634,87,25,141,65,E
Douglas,Neveu,3,5,3,10,225,1,0,0,12,8,4,67,64,64,69,65,68,63,64,34,59,60,64,60,64,363,66,88,50,152,69,D
Tom,Corcoran,3,5,5,7,195,2,0,0,1,1,9,69,73,69,57,62,61,68,52,28,50,50,53,50,50,310,56266,89,25,131,63,E
Jason,Gill,3,5,2,7,185,2,1,0,1,1,10,70,70,70,53,56,50,76,62,30,50,57,57,50,55,310,39962,90,25,122,63,E
Valts,Pavasars,3,5,3,7,185,14,1,0,1,1,1,70,70,71,58,58,55,70,60,33,50,50,53,50,53,310,62959,91,25,129,63,E
Laurence,Chan,3,5,3,6,175,2,0,0,1,1,2,68,68,78,59,57,57,75,63,30,50,50,55,50,53,325,195,92,25,127,64,E
Anthony,Rossi,5,3,2,7,200,2,0,0,1,1,3,71,70,70,47,51,53,70,64,30,59,77,58,50,58,310,103,93,25,105,63,E
Dustin,Klavon,5,3,2,5,175,2,0,0,1,1,4,60,72,68,59,60,54,68,60,31,52,58,62,50,51,310,44211,94,25,120,63,E
Brandon,Vizenor,5,3,0,8,200,2,0,0,1,1,5,62,59,62,52,58,68,59,60,20,50,55,72,80,50,310,2784,95,25,145,63,E
Terry,Porter,5,3,5,5,175,1,1,0,1,1,6,67,65,67,61,63,58,66,60,30,53,50,54,50,53,310,56602,96,25,132,63,E
Ken,Meredith,2,0,6,10,215,1,1,0,1,1,2,65,90,60,95,80,71,80,80,30,50,70,80,50,50,485,5263,97,200,110,84,A
Tristan,Mayer,4,0,1,5,185,2,0,0,18,10,5,77,77,73,39,68,50,52,57,20,67,67,60,50,68,310,41633,98,25,122,63,E
Emiliano,Gianino,2,0,8,10,200,11,1,0,1,1,3,52,68,68,60,62,61,65,62,26,50,62,60,50,53,310,46964,99,25,129,63,E
Adam,Stark,5,3,4,10,205,2,0,0,12,2,5,90,80,70,80,71,71,82,80,20,50,52,72,50,50,461,3768,100,200,102,81,A
Ryan,Czerkawski,3,5,1,4,160,1,0,0,1,1,6,84,84,84,70,68,51,80,70,40,50,50,60,50,50,407,116,101,85,158,75,C
Axel,Wulf,5,3,1,9,195,17,0,0,1,1,4,80,71,74,38,62,50,73,59,24,50,58,54,50,63,310,29616,102,25,134,63,E
Matej,Krnoul,3,4,2,7,190,4,0,0,1,1,6,64,77,69,39,55,46,77,58,37,78,68,62,50,50,310,22164,103,25,95,63,E
Jake,Dillon,1,0,5,10,215,2,1,0,1,1,1,87,87,60,88,86,86,70,84,20,82,50,50,50,50,461,30174,104,90,177,81,A
Mattias,Svensson,2,0,8,8,200,5,1,0,4,4,4,44,68,73,59,78,56,73,63,49,50,50,96,50,68,387,17,105,50,180,72,D
Joey,Bowen,3,4,1,12,225,11,1,0,1,1,7,78,68,77,39,55,52,79,58,21,50,50,62,53,55,310,2855,106,25,136,63,E
Eric,Vincent,1,0,5,7,185,1,1,0,10,2,1,85,85,50,86,83,80,75,85,20,80,50,70,50,70,458,32,107,80,187,81,B
Pepe,Gringolaza,5,4,3,10,205,11,0,0,1,1,5,70,71,66,39,60,50,72,73,20,52,61,65,50,59,313,50232,108,25,126,63,E
Shaun,Mahe,3,5,5,9,210,1,1,0,1,1,9,62,67,60,60,62,62,65,59,24,66,50,58,52,51,310,1421,109,25,132,63,E
Stephan,Levesque,2,0,7,13,250,1,1,0,2,12,2,39,66,39,77,72,76,53,62,20,50,88,77,88,65,361,4611,110,25,198,69,E
Eric,Harm'em,1,0,5,9,215,2,1,0,12,5,2,85,85,65,85,87,85,57,85,45,86,60,50,50,75,485,257,111,90,204,84,A
Zachary,Alexander,4,0,2,5,190,2,1,0,12,2,6,36,72,72,58,60,55,72,56,33,90,50,56,50,65,310,1513,112,25,116,63,E
Jorens,Stepanovs,4,3,1,7,195,14,1,0,1,1,3,73,71,70,42,53,53,72,60,40,83,50,57,50,51,310,28931,113,25,99,63,E
Amirudin,Fauzi,4,5,3,5,175,11,0,0,1,1,4,69,69,66,53,57,50,80,57,30,73,50,53,50,55,310,49943,114,25,118,63,E
Suber,Dahir,4,5,5,5,175,1,1,0,1,1,7,66,66,66,57,61,58,68,57,28,72,50,55,50,52,310,60100,115,25,120,63,E
Jan,Holiencin,4,3,5,6,175,8,1,0,1,1,6,65,65,65,58,61,58,68,57,32,73,50,54,50,51,310,6664,116,25,121,63,E
Richard,Nash,4,5,1,6,175,14,1,0,1,1,7,79,71,72,49,56,50,71,58,30,74,50,54,50,51,310,33684,117,25,114,63,E
Tito,Explosion,2,0,6,1,170,1,0,0,1,1,7,30,60,61,92,81,76,72,61,41,50,71,72,50,50,395,179,118,135,99,73,B
Rocky,Nijjer,3,5,1,7,185,1,0,0,1,1,8,85,76,73,54,59,58,76,61,34,60,50,64,50,50,360,7,119,50,142,69,D
Josh,Tilson,3,5,4,6,175,1,0,0,1,1,9,69,64,66,60,59,62,68,54,26,52,50,60,52,50,310,30380,120,25,132,63,E
Ulises,Darko,4,3,2,6,180,1,0,0,1,1,3,50,60,45,76,66,63,59,60,26,71,55,70,50,53,310,62437,121,25,121,63,E
Jamie,Shimbashi,2,0,7,10,210,1,1,0,11,12,6,41,60,57,70,65,68,64,60,35,50,50,64,50,59,310,244,122,25,145,63,E
Kayla,Tasker,2,0,7,10,250,11,0,0,12,10,6,30,53,39,69,72,77,80,59,20,50,50,79,50,50,325,40545,123,25,164,64,E
Pavol,Richtarech,4,5,3,10,200,8,1,0,1,1,8,58,72,71,66,67,51,68,56,24,74,50,47,50,50,310,44809,124,25,121,63,E
Matt,Reynolds,2,0,8,7,193,11,0,0,22,9,1,76,85,68,79,76,70,76,72,44,50,70,71,50,72,470,3668,125,135,182,83,B
Devin,Duhn,4,5,5,8,200,1,0,0,6,3,5,70,74,65,80,74,74,65,70,40,99,70,70,50,50,446,1452,126,135,123,80,B
Brian,Tong,2,0,6,13,205,2,0,0,17,6,3,31,88,67,72,82,75,82,70,30,50,50,62,50,68,417,29198,127,50,236,76,D
Mike,Laine,2,3,8,9,185,1,1,0,8,1,7,76,85,76,57,63,61,74,66,39,50,50,43,50,57,360,48469,128,50,152,69,D
Brad,Philip,3,5,4,9,185,1,1,0,1,6,2,68,69,66,63,62,69,71,71,38,50,79,66,50,66,387,317,129,50,163,72,D
Chris,Briddon,4,5,9,5,185,11,0,0,1,1,8,64,64,64,53,55,64,69,57,20,71,55,59,65,50,310,62462,130,25,127,63,E
Bomber,Nakayama,3,5,1,5,175,1,0,0,1,1,6,74,72,73,60,62,50,73,52,37,50,50,56,50,50,319,49940,131,25,134,64,E
Chris,Neil,4,5,5,5,175,2,0,0,1,1,9,67,67,65,58,61,58,65,57,32,74,50,54,50,51,310,28002,132,25,121,63,E
Michael,McSparron,4,3,5,6,190,11,0,0,1,1,10,65,65,66,58,61,58,65,60,32,74,50,54,50,51,310,165,133,25,121,63,E
Steveo,Reynolds,5,4,1,5,235,11,0,0,1,1,9,75,62,69,52,55,58,64,58,20,54,64,65,66,52,310,38639,134,25,131,63,E
Toms,Ledainis,3,5,3,6,175,14,0,0,1,1,1,67,67,77,52,52,56,76,65,35,50,50,54,50,51,310,14058,135,25,128,63,E
Hynek,Latta,3,5,5,6,175,4,0,0,1,1,2,67,65,65,63,63,58,67,57,32,55,50,54,51,51,310,56553,136,25,128,63,E
Tom,James,2,0,8,6,175,11,0,0,1,1,10,67,68,70,65,66,64,73,63,29,50,59,61,50,61,361,21653,137,25,183,69,E
Filip,Valcak,3,5,1,7,180,8,0,0,1,1,3,82,72,72,49,56,53,71,61,30,50,50,54,50,51,310,49471,138,25,126,63,E
Niko,Mironenko,3,5,5,6,175,3,1,0,1,1,4,67,65,67,61,63,58,67,57,32,56,50,54,50,51,310,33960,139,25,131,63,E
Lockie,Lemieux,5,3,9,6,175,1,1,0,1,1,5,64,64,64,53,58,59,67,63,21,50,57,70,59,50,310,3574,140,25,133,63,E
Janis,Skribans,5,3,5,6,175,14,1,0,1,1,6,67,66,66,59,64,58,67,61,32,50,50,54,50,51,310,10522,141,25,131,63,E
Henri,Lukkarinen,5,3,3,6,190,6,1,0,1,1,7,70,73,81,46,46,58,73,61,34,52,50,62,50,51,310,48683,142,25,116,63,E
Lloyd,Osmond,5,3,3,6,175,1,0,0,1,1,8,69,65,72,59,62,57,66,58,34,50,50,55,50,52,310,23154,143,25,130,63,E
Ville,Savolainen,5,3,1,8,190,6,0,0,1,1,9,81,73,75,46,51,50,73,63,34,51,50,55,50,60,310,63586,144,25,120,63,E
Ryan,Lockhart,3,5,4,8,225,2,0,0,12,9,1,75,80,60,70,71,80,70,75,25,50,95,90,78,60,479,23340,145,200,126,84,A
Kel,Schwientek,2,0,7,14,260,11,0,0,1,1,8,33,57,59,77,58,69,65,65,33,50,64,74,53,59,322,38127,146,25,136,64,E
Noaabi,Luklev,5,3,5,9,209,2,1,0,29,10,2,70,90,85,35,77,48,90,70,38,50,50,80,50,70,419,65968,147,135,131,76,B
Jason,Andrzej,2,0,6,10,200,2,1,0,1,1,4,33,56,56,77,74,61,68,63,22,50,50,70,50,50,310,33424,148,25,148,63,E
Ben,Dolman,3,5,3,14,219,1,0,0,12,9,5,71,74,70,44,53,58,69,64,32,50,76,44,50,67,310,44454,149,25,122,63,E
Yanbo,Wang,4,3,2,7,180,1,1,0,8,2,7,63,71,64,68,67,45,63,55,36,74,50,51,50,71,310,5175,150,25,115,63,E
John,Snyder,4,3,4,9,210,2,1,0,1,1,3,62,62,55,53,58,64,66,61,20,75,51,73,54,50,310,53214,151,25,126,63,E
Conor,Thompson,4,3,3,6,185,1,1,0,1,1,6,77,72,76,40,48,50,74,56,37,85,53,58,50,55,310,4112,152,25,104,63,E
Jahid,Adam,2,0,8,11,210,14,1,0,1,1,3,43,76,57,69,62,62,70,60,26,50,60,58,50,52,310,41764,153,25,131,63,E
Lars,Wittgenstein,2,0,8,8,196,5,1,0,5,6,4,69,69,61,61,64,58,61,59,26,50,50,61,50,61,310,61594,154,25,140,63,E
Marek,Pala,5,3,1,12,210,4,1,0,12,2,3,99,95,94,60,77,57,99,60,20,50,51,60,50,50,467,14953,155,200,116,82,A
Jack,VonPackage,4,5,3,6,175,1,0,0,1,1,4,73,71,68,40,50,52,75,61,40,85,55,58,50,51,310,10564,156,25,97,63,E
Ryan,de Costa,4,5,5,6,185,1,1,0,1,1,5,53,56,53,66,66,57,77,57,32,80,52,53,50,55,310,39906,157,25,127,63,E
Venin,Fruikin,4,5,1,6,200,3,1,0,1,1,7,84,72,75,41,48,51,75,58,33,81,50,55,50,51,310,61639,158,25,104,63,E
Mike,Roseberry,5,3,1,9,214,1,0,0,11,10,2,91,59,82,40,73,45,77,78,39,50,50,84,50,60,387,4121,159,50,169,72,D
David,Broadwick,4,5,5,3,160,2,0,0,1,1,8,63,63,61,61,63,60,65,59,32,76,50,54,50,51,310,55479,160,25,118,63,E
Matthew,Lee,3,5,3,3,175,11,0,0,1,1,9,77,77,77,46,51,50,78,59,26,50,50,58,50,52,310,5183,161,25,126,63,E
Victor,Hughart,3,0,5,7,185,1,1,0,6,8,5,85,70,80,40,77,48,85,85,40,60,66,75,50,65,428,14086,162,135,112,77,B
Nick,Bolduc,2,0,8,6,185,1,1,0,1,1,1,54,64,64,64,66,61,60,58,24,50,57,68,52,53,310,60866,163,25,133,63,E
C.J.,Hennighausen,3,5,2,3,185,2,1,0,1,1,2,47,73,58,71,69,58,70,56,24,50,50,59,50,50,310,42728,164,25,140,63,E
Arthur,Grosberg,3,5,1,6,185,14,1,0,1,1,3,85,71,77,46,53,53,70,56,34,61,50,55,50,51,310,65281,165,25,115,63,E
Nick,Forsberg,3,5,1,6,185,5,0,0,1,1,4,86,72,75,46,49,53,76,58,37,50,50,54,50,51,310,59806,166,25,118,63,E
Ainis,Broks,3,5,3,6,185,14,1,0,1,1,5,72,70,71,46,54,53,79,63,33,54,51,54,50,55,310,22761,167,25,127,63,E
Matt,Smith,5,3,1,9,197,11,0,0,18,2,6,84,82,76,41,51,49,74,65,30,50,66,61,50,60,331,4755,168,25,126,65,E
Philippe,Milette,2,0,6,9,210,1,0,0,1,9,5,30,80,80,90,80,80,70,70,50,50,72,75,50,70,461,65822,169,200,95,81,A
Matthew,Boragina,4,5,2,5,192,1,1,0,1,1,5,63,70,70,49,60,55,68,59,24,75,51,63,50,50,310,55696,170,25,118,63,E
Paul,Wheeler,3,4,4,8,190,11,0,0,1,1,10,67,69,72,33,65,59,70,61,20,67,69,55,71,51,325,21553,171,25,136,64,E
Marcelo,Menezes,5,4,2,2,165,11,0,0,1,1,8,72,70,67,47,55,53,72,63,25,77,50,55,52,60,310,25756,172,25,123,63,E
Ignacio,Marino,2,0,7,11,240,11,0,0,13,12,2,59,80,85,85,74,80,70,70,30,50,50,70,80,60,464,14540,173,200,131,82,A
Ryan,Waxman,4,5,5,9,195,1,1,0,1,1,9,57,57,58,66,66,55,67,59,21,76,57,66,50,51,310,28785,174,25,124,63,E
Reinis,Lillais,2,0,8,8,210,14,1,0,1,1,2,60,64,62,70,64,57,66,61,21,50,50,64,50,55,310,43513,175,25,138,63,E
Miika,Kemppinen,3,4,3,6,190,6,1,0,6,11,1,91,91,70,72,68,67,90,70,20,68,72,75,50,66,485,28,176,200,111,84,A
Lawrence,Cuffey,2,0,8,10,220,1,1,0,4,2,2,87,87,78,75,74,68,80,70,40,50,50,70,50,60,467,42507,177,200,107,82,A
Guillermo,Cervantes,3,5,3,6,202,11,0,0,1,1,2,73,73,71,51,55,53,73,61,20,50,50,63,50,55,310,24055,178,25,132,63,E
Eduards,Ezers,5,3,5,9,220,14,0,0,1,1,2,68,66,57,61,59,56,73,58,33,61,51,56,52,56,310,55161,179,25,126,63,E
Kristian,Olofsson,3,5,1,11,238,5,0,0,7,11,2,97,59,97,34,84,45,82,64,20,50,50,97,50,74,425,43918,180,85,197,77,C
Fredd,Da Silva,4,5,2,7,195,1,1,0,1,1,1,67,70,71,47,57,56,72,59,24,87,50,52,52,51,310,245,181,25,109,63,E
Phil,Alkievicz,4,3,3,10,205,18,1,0,16,5,6,73,73,75,47,49,52,77,68,28,81,50,65,73,53,343,105,182,25,151,67,E
Tyler,Hetherington,2,0,8,11,220,1,0,0,23,12,6,66,93,82,77,78,63,82,71,30,50,50,51,50,50,431,319,183,135,149,78,B
Nikolai,Yakushkin,3,5,4,13,258,3,1,0,24,12,7,33,32,42,79,72,73,77,60,28,50,50,72,50,55,310,58129,184,25,154,63,E
Valeriy,Yakushkin,5,3,0,14,260,3,1,0,24,12,1,30,30,30,75,71,73,75,67,36,50,50,75,83,50,313,44853,185,25,163,63,E
Bobby,Boucher,2,3,6,14,235,1,1,0,19,1,6,30,80,60,90,78,74,60,62,30,50,50,67,50,56,369,1,186,50,177,70,D
Ryan,Sassaman,4,3,1,3,170,11,0,0,1,1,4,81,70,75,46,53,53,68,58,32,81,50,54,50,51,310,37,187,25,106,63,E
Paul,Korczyk,4,5,2,6,185,1,1,0,1,1,5,56,82,73,63,58,55,75,58,33,76,59,56,50,51,341,18,188,25,130,66,E
Raivis,Groskaufmai,4,5,5,3,160,14,0,0,1,1,6,62,62,60,60,62,59,66,59,33,80,50,56,50,51,310,28677,189,25,116,63,E
Grzegorz,Kociuba,3,5,1,6,175,18,0,0,1,1,7,86,71,79,48,53,52,74,60,36,55,50,43,50,53,310,2547,190,25,115,63,E
Joe,Iusi,3,5,3,6,185,1,1,0,1,1,8,68,65,69,62,64,54,66,59,26,50,56,57,50,52,310,14,191,25,132,63,E
Wandrille,Leskowsky,5,4,3,6,185,2,0,0,1,1,9,77,74,82,39,48,49,78,61,29,83,53,48,50,55,310,50352,192,25,106,63,E
Matt,Ackerman,3,5,5,3,205,1,0,0,17,9,4,61,64,70,62,65,51,85,62,41,50,87,78,50,61,380,125,193,85,113,71,C
Delryk,Levesque,4,3,5,11,242,1,1,0,28,1,6,74,77,70,72,67,62,68,68,25,97,50,68,50,50,399,2623,194,50,171,74,D
Tuukka,Aaltonen,2,0,7,15,250,6,1,0,1,1,5,38,47,40,73,69,73,63,66,20,50,56,76,59,58,310,65878,195,25,156,63,E
Alex,Staprans,2,0,7,12,225,14,0,0,9,2,1,70,71,76,81,72,72,71,71,56,50,71,71,91,71,473,33804,196,200,118,83,A
Jordan,Kasper,4,3,5,6,194,1,1,0,22,9,4,95,99,75,77,82,45,72,68,50,97,91,64,50,78,497,44,197,200,80,86,A
Kyle,Peters,3,5,4,12,240,1,0,0,4,12,2,90,70,85,30,62,77,80,75,42,50,70,85,50,70,446,34253,198,135,154,80,B
Gabriel,Czajowski,2,0,6,10,195,18,1,0,10,5,4,54,55,60,71,71,62,78,64,48,50,66,59,50,74,363,35450,199,50,152,69,D
Kevin,MacDonald,5,3,3,5,190,2,1,0,1,1,1,67,66,61,66,63,58,69,57,26,50,57,53,50,52,310,306,200,25,128,63,E
Shane,Kelley,1,0,5,9,160,1,1,0,1,1,10,74,75,50,75,72,74,50,73,21,73,50,56,71,50,363,13759,201,60,137,69,D
Jesse,Burk,4,5,3,6,170,1,1,0,27,3,1,85,80,70,58,68,54,69,65,20,64,50,63,50,55,363,163,202,50,146,69,D
Joshua,Hendricks,4,3,5,10,200,1,0,0,14,1,2,63,62,58,58,65,61,60,58,36,80,50,58,50,62,313,34485,203,25,119,63,E
Marek,Rojícek,4,3,2,8,190,4,0,0,1,1,5,67,74,69,58,57,53,70,55,31,74,55,52,50,50,310,397,204,25,110,63,E
Jon,Anderson,4,5,1,6,185,2,1,0,1,1,6,79,58,66,63,58,50,70,56,34,79,50,54,50,51,310,509,205,25,110,63,E
Alexandru,Ursu,2,0,6,8,205,10,0,0,1,1,9,51,51,59,64,69,66,65,63,26,50,70,66,54,51,319,1604,206,25,138,64,E
Marcus,Evans,5,3,1,6,200,1,1,0,1,1,3,76,60,79,56,57,58,66,60,32,50,50,55,50,50,310,44698,207,25,125,63,E
Félix,Lévesque,3,5,3,9,195,2,0,0,2,10,5,85,78,73,56,68,45,76,66,40,50,50,71,50,62,373,5210,208,25,172,70,E
Tomasz,Kodlubaj,3,5,5,9,215,18,1,0,1,1,9,65,64,64,64,64,61,65,57,31,55,50,54,50,51,310,5459,209,25,130,63,E
Xaiver,Laflamme,3,5,4,7,195,1,1,0,1,1,10,67,65,66,60,53,61,65,66,21,50,53,69,50,51,310,56569,210,25,132,63,E
Joseph,Broderick,3,5,5,7,185,1,1,0,1,1,1,66,63,63,63,64,58,67,59,32,55,50,54,50,54,310,53440,211,25,130,63,E
Janis,Grevels,3,5,5,8,190,14,0,0,1,1,2,66,63,62,64,64,61,65,58,32,55,50,54,50,52,310,28841,212,25,133,63,E
Lassi,Aho,3,5,4,10,220,6,1,0,22,11,1,92,71,71,77,72,63,82,71,20,50,50,92,50,72,461,2753,213,200,109,81,A
Chris,Mininni,5,3,9,7,190,1,1,0,1,1,3,63,64,70,58,53,60,69,58,22,50,59,65,67,51,310,806,214,25,138,63,E
Robert,Jeppson,5,3,1,6,185,11,1,0,1,1,4,81,68,72,52,55,53,70,55,26,59,50,62,50,51,310,71,215,25,126,63,E
Lauris,Prikulis,5,0,3,8,190,14,1,0,26,1,6,76,67,73,54,69,52,76,63,29,50,50,30,50,51,310,50887,216,25,138,63,E
Remi,Foxwilleau,2,0,8,6,240,1,0,0,8,9,8,68,82,80,91,80,79,81,81,39,50,72,80,50,50,518,5,217,200,157,89,A
Sim,Baril,5,3,5,6,207,1,0,0,11,9,7,83,92,76,72,73,65,74,70,30,50,76,50,66,66,446,42908,218,135,162,80,B
Walter,Lawrence,3,5,2,9,200,2,1,0,22,7,3,79,90,80,30,77,45,80,72,28,50,66,40,50,70,363,4858,219,50,152,69,D
Jára,Cimrman,4,5,3,6,188,4,0,0,1,1,3,98,98,94,68,72,45,94,76,30,94,74,68,50,60,509,55581,220,200,99,87,A
Matt,Kinney,5,3,1,10,195,1,1,0,2,6,1,89,70,81,65,71,65,80,80,34,50,54,68,50,50,437,214,221,200,72,78,A
Marty,Thompson,3,5,5,3,180,1,1,0,1,1,3,65,65,63,61,68,47,65,69,30,50,72,52,53,54,310,7968,222,25,118,63,E
Julien,Baril,2,0,8,10,200,1,0,0,23,6,5,77,78,69,83,76,65,79,74,39,50,50,75,50,50,446,36719,223,135,152,80,B
Wyatt,Gallagher,4,3,2,6,185,2,0,0,1,1,10,61,84,91,63,62,55,81,69,45,82,54,61,50,51,404.5,16,224,25,182,74,E
Romaric,Slates,4,3,3,8,185,1,1,0,4,12,1,70,65,65,56,59,48,66,65,36,80,50,56,50,62,310,38090,225,25,109,63,E
Brian,Harrison,5,3,1,7,230,1,1,0,1,1,2,82,66,71,30,46,53,78,72,28,50,56,70,50,62,310,59786,226,25,125,63,E
Trevor,Cardinal,3,5,1,9,195,1,1,0,25,1,2,74,74,74,65,65,65,74,74,45,65,75,44,64,75,413,224,227,85,150,75,C
Vince,Séguin,4,5,3,7,170,1,0,0,21,5,3,68,67,60,52,62,61,63,60,26,74,54,57,50,55,310,4913,228,25,125,63,E
Patrick,Devine,4,5,5,8,210,2,0,0,1,1,3,61,62,62,57,61,61,65,59,32,75,50,63,50,54,313,426,229,25,117,63,E
Elvis,Pancileiko,4,5,5,7,200,14,1,0,1,1,4,65,65,65,63,61,59,63,55,34,74,50,56,50,51,310,16034,230,25,117,63,E
Markus,Antalick,3,5,5,7,185,2,0,0,1,1,5,66,65,68,58,61,62,68,54,34,51,50,58,50,51,310,40317,231,25,130,63,E
Davis,Precelis,3,5,5,6,185,14,1,0,1,1,6,67,67,65,64,63,58,66,53,34,54,50,56,50,52,310,39307,232,25,132,63,E
Ed,Kimberley,3,5,9,8,200,11,1,0,21,11,7,61,48,59,62,61,67,63,58,31,50,50,67,76,58,313,77230,233,25,151,63,E
Scott,Edmonds,3,5,5,7,185,1,1,0,1,1,8,66,61,64,65,62,53,81,51,43,50,54,49,50,50,310,143,234,25,123,63,E
Jason,Anthony,5,3,3,7,185,1,1,0,1,1,9,73,73,76,42,50,53,78,60,40,50,53,59,50,51,310,45663,235,25,115,63,E
Eric,Petrin,5,3,2,7,185,1,1,0,1,1,10,60,73,70,59,59,55,69,57,43,50,51,59,50,51,310,243,236,25,124,63,E
Ryan,DeCosta,5,3,5,7,190,2,0,0,1,1,1,55,55,55,55,59,59,65,65,30,60,50,60,50,50,277.5,53297,237,25,97,59,E
Mac,Hooper,5,3,3,7,189,11,0,0,1,1,2,72,72,70,49,56,56,75,55,36,50,50,56,50,55,310,57362,238,25,125,63,E
Jorge,Bernardo,2,0,7,7,200,11,1,0,1,1,3,55,55,58,67,63,70,62,59,28,50,50,67,61,51,313,30068,239,25,138,63,E
Josh,Bailie,2,0,6,7,190,1,0,0,1,1,4,58,58,58,62,66,61,67,60,42,50,50,62,50,53,310,290,240,25,136,63,E
Robert,Andersson,1,0,5,11,211,5,1,0,4,9,3,87,85,56,80,86,88,50,88,20,85,50,50,50,50,449,62471,241,90,192,80,A
Nick,Becker,2,0,6,8,200,1,1,0,1,1,2,61,50,40,71,73,61,69,57,22,50,52,66,63,56,310,40303,242,25,155,63,E
Jørgen,Nyrud,3,4,2,7,200,9,0,0,1,1,10,64,74,69,50,59,47,69,69,30,67,71,47,50,61,310,23774,243,25,112,63,E
Jon,Rowson,2,0,6,13,215,8,1,0,9,5,10,50,60,30,92,81,81,94,76,50,50,50,80,50,86,461,3039,244,200,126,81,A
Dušan,Strašila,3,5,3,7,170,8,0,0,1,1,4,81,69,77,50,62,45,77,61,25,50,50,50,50,50,310,44444,245,25,129,63,E
Alex,Krogars,4,5,5,10,190,6,1,0,22,6,6,63,75,58,77,67,64,68,54,36,83,50,65,50,59,369,15970,246,50,149,70,D
Kristian,Marosi,5,3,1,7,175,5,1,0,10,6,1,99,84,99,54,76,47,99,82,22,52,81,99,52,62,521,594,247,200,146,89,A
Antti,Laurila,5,3,1,9,200,6,1,0,30,6,2,99,53,90,30,83,45,94,67,37,50,81,70,50,90,434,393,248,135,141,78,B
Johan,Bengtsson,4,3,3,7,200,5,1,0,29,11,4,91,96,86,66,69,51,91,60,40,99,76,60,50,82,485,414,249,200,83,84,A
Gabriel,Weissengel,1,0,5,11,200,17,0,0,1,1,8,69,69,50,69,70,69,50,58,27,67,50,50,50,62,310,51358,250,50,102,63,E
Fredrik,Hammarbäck,4,3,2,3,180,5,1,0,1,1,10,64,64,72,47,61,51,68,58,36,73,67,65,50,50,313,531,251,25,99,63,E
Markus,Helldörfer,2,0,6,10,210,10,0,0,2,9,3,75,75,72,77,72,71,74,70,32,52,50,65,50,54,421,349,252,50,214,76,D
Ilya,Sarin,4,0,5,14,238,3,1,0,13,3,5,64,64,71,63,54,51,69,58,29,76,50,65,50,56,310,149,253,25,114,63,E
Jacob,Haraldsson,4,3,1,7,195,5,1,0,1,1,4,81,62,70,49,56,50,74,58,34,73,50,57,50,51,310,6581,254,25,113,63,E
Edijs,Kuklis,4,5,5,8,185,14,0,0,1,1,5,63,63,61,61,63,59,65,60,33,74,50,55,50,52,310,53466,255,25,118,63,E
Mihai,Coman,2,0,8,9,198,11,0,0,1,1,5,50,61,62,69,66,61,65,54,20,50,57,68,50,64,310,3559,256,25,139,63,E
Miroslav,Toman,4,5,5,7,180,8,1,0,1,1,6,62,63,62,60,62,59,66,59,32,74,50,55,50,54,310,51316,257,25,118,63,E
Mattias,Fors,4,3,5,7,185,5,1,0,1,1,7,63,63,62,60,61,60,67,60,34,76,50,52,50,51,310,6171,258,25,114,63,E
Pete,Schwadel,3,5,3,6,185,2,0,0,1,1,8,76,77,83,40,51,50,75,60,33,52,50,58,50,54,310,82,259,25,119,63,E
Alexander,Nilsson,2,3,6,9,203,5,1,0,16,5,3,47,54,56,64,68,65,56,56,46,50,50,82,50,68,313,3644,260,25,128,63,E
Antti,Kuittinen,3,5,1,8,190,6,1,0,1,1,10,77,68,70,53,56,56,70,59,33,55,50,54,50,54,310,12,261,25,123,63,E
Kenneth,Lehtinen,5,3,5,8,195,6,1,0,12,6,4,51,51,52,64,75,62,56,56,46,50,50,82,50,50,310,119,262,25,130,63,E
Michael,Nortan,5,3,3,8,190,1,1,0,1,1,2,67,69,69,44,45,71,64,69,23,50,53,73,50,50,310,49165,263,25,128,63,E
Dairis,Geida,3,5,5,8,185,14,1,0,1,1,4,69,66,56,62,62,65,64,56,29,50,50,60,50,59,313,15480,264,25,136,63,E
Freddy,Doll,4,3,1,11,220,2,0,0,1,1,1,74,57,58,53,57,57,74,58,21,73,56,50,59,75,310,59013,265,25,134,63,E
Henry,Kruell,3,4,2,8,185,2,0,0,31,1,1,85,96,75,73,74,62,90,80,40,50,60,50,50,80,479,57901,266,200,128,84,A
Kyle,Mundell,2,0,8,7,170,1,0,0,1,1,6,69,77,65,58,61,53,71,59,26,50,56,50,50,55,310,55453,267,25,129,63,E
Troy,Speelman,2,0,8,8,220,1,1,0,22,5,1,92,83,62,80,68,77,77,85,35,50,90,70,50,50,485,191,268,200,95,84,A
Tim,Cory,5,3,1,9,170,2,0,0,29,11,2,99,71,99,66,57,45,99,75,50,50,50,90,50,61,464,3217,269,200,86,82,A
Nigel,Connors,5,3,5,9,210,1,0,0,29,10,6,71,63,63,56,67,58,63,53,34,50,67,56,50,54,310,274,270,25,120,63,E
Chris,Baker,2,0,8,11,235,1,1,0,6,3,7,73,54,53,46,64,52,71,74,47,50,68,53,50,68,310,5028,271,25,125,63,E
Blaise,Leskowsky,2,0,8,8,200,1,0,0,11,5,2,93,92,80,80,74,68,80,75,30,50,50,75,50,50,485,53337,272,200,119,84,A
Edward,Eldred,2,0,0,6,225,11,0,0,7,11,7,86,32,32,99,85,85,40,82,22,50,52,82,99,93,434,157,273,135,194,78,B
Rob,Sattler,3,5,3,8,210,2,0,0,12,5,6,80,79,76,30,63,45,61,67,40,50,81,50,50,60,310,3172,274,25,99,63,E
Jay,Mambo-Franzmeier,3,4,3,10,183,2,1,0,7,2,6,65,62,64,72,61,63,61,71,38,57,66,69,71,69,369,61826,275,50,161,70,D
Jason,Placido,4,3,2,9,192,12,0,0,16,6,3,56,69,63,61,65,54,71,58,36,74,58,46,50,71,319,43583,276,25,134,64,E
Adam,McArthur,1,0,5,8,210,2,1,0,19,12,5,92,93,50,93,91,91,50,44,20,91,50,50,50,50,446,21879,277,80,215,80,B
Ray,Laing,4,5,4,7,200,1,1,0,13,12,2,61,53,59,59,58,67,61,63,31,73,50,65,50,61,310,2481,278,25,121,63,E
Adam,Stevens,4,5,1,6,185,2,0,0,1,1,1,77,61,70,49,51,53,70,72,21,69,50,57,60,60,310,34,279,25,129,63,E
Giedrius,Pradkelis,4,3,5,6,185,11,0,0,1,1,2,63,63,61,61,63,60,67,59,26,76,50,54,50,51,310,38693,280,25,127,63,E
Alex,Baudais,4,5,5,6,175,1,0,0,1,1,3,54,80,68,59,59,56,71,53,28,74,55,52,50,50,310,1471,281,25,120,63,E
Matthew,Gosselin,5,3,2,9,175,1,0,0,17,12,3,60,80,83,30,80,45,71,80,30,50,50,70,50,75,363,2489,282,50,163,69,D
William,Schifelbine,3,5,5,7,175,2,0,0,1,1,3,72,68,69,75,71,45,75,57,20,50,50,57,50,51,331,341,283,25,147,65,E
Miikka,Karppinen,5,3,5,6,185,6,1,0,1,1,8,56,74,68,62,64,57,70,56,31,50,50,55,50,51,310,52109,284,25,131,63,E
Craig,Waldick,5,3,1,11,212,1,0,0,18,3,3,99,84,99,70,68,51,99,80,50,50,80,70,50,79,521,230,285,200,139,89,A
Matt,Millage,5,3,2,6,185,2,1,0,1,1,7,53,79,74,60,59,53,73,59,30,50,54,54,50,51,310,3664,286,25,125,63,E
Dustin,Goodwin,5,3,3,9,215,2,0,0,1,1,9,66,66,68,60,62,58,67,60,30,50,50,56,50,53,310,4248,287,25,129,63,E
Brandon,McGraw,5,3,5,3,200,1,1,0,1,1,10,63,62,64,63,64,59,67,59,34,56,50,54,50,53,310,39338,288,25,130,63,E
Chris,Hie,2,0,8,12,200,1,1,0,1,1,10,57,58,68,64,64,59,66,61,29,50,50,66,50,51,310,59,721,25,133,63,E
Daniel,Batres,2,0,8,13,240,2,0,0,1,1,1,33,52,49,74,68,75,58,57,20,50,52,76,78,50,310,123,722,25,159,63,E
Geordie,Carragher,2,0,8,3,190,1,0,0,1,1,2,70,72,70,51,61,53,78,61,38,50,51,42,50,51,310,334,723,25,125,63,E
Boris,Thundra,2,0,6,5,195,15,1,0,1,1,3,61,63,63,64,65,61,63,57,32,50,50,64,51,50,310,59501,724,25,130,63,E
Jens,Kidman,2,0,8,11,200,6,0,0,1,1,4,33,53,49,74,65,74,57,60,20,50,55,80,78,50,310,55084,725,25,154,63,E
Alec,Donald,2,0,6,6,195,1,0,0,1,1,5,61,56,51,70,64,68,63,55,32,50,62,64,50,51,310,45106,726,25,127,63,E
Edward,Cash,1,0,5,7,225,2,1,0,1,1,9,68,66,57,66,70,69,58,50,39,68,50,50,53,60,310,56121,727,50,87,63,E
Craig,Bailey,1,0,5,7,200,2,1,0,1,1,5,63,63,50,63,63,63,60,65,30,60,50,60,50,55,280.5,4706,728,50,47,59,E
Scott,Caddy,1,0,5,7,200,2,1,0,1,1,5,63,63,50,63,63,63,60,65,30,60,50,60,50,55,280.5,3968,729,50,47,59,E
Brad,Armstrong,2,0,8,7,200,1,0,0,1,1,5,55,55,55,55,59,59,65,65,30,60,50,60,50,50,277.5,4136,730,25,99,59,E
Boone,Douglas,2,0,7,7,200,1,1,0,1,1,5,55,55,55,55,59,59,65,65,30,60,50,60,50,50,277.5,23941,731,25,101,59,E
Ryan,Fields,2,0,6,7,200,1,0,0,1,1,5,55,55,55,55,59,59,65,65,30,60,50,60,50,50,277.5,12987,732,25,101,59,E
David,Rutka,2,0,6,7,200,2,0,0,1,1,5,55,55,55,55,59,59,65,65,30,60,50,60,50,50,277.5,4991,733,25,98,59,E
Tim,Woodward,3,0,3,7,200,2,0,0,1,1,5,55,55,55,55,59,59,65,65,30,60,50,60,50,50,277.5,5281,734,25,98,59,E
Connor,Rittan,3,0,9,7,200,1,0,0,1,1,5,55,55,55,55,59,59,65,65,30,60,50,60,50,50,277.5,53440,735,25,100,59,E
Sebastian,Jacob,3,0,0,7,200,10,1,0,1,1,5,55,55,55,55,59,59,65,65,30,60,50,60,50,50,277.5,448,736,25,100,59,E
Ryan,Hearne,3,0,4,7,200,1,1,0,1,1,5,55,55,55,55,59,59,65,65,30,60,50,60,50,50,277.5,2854,737,25,102,59,E
Allen,Cole,4,0,4,7,200,2,0,0,1,1,5,55,55,55,55,59,59,65,65,30,60,50,60,50,50,277.5,41615,738,25,99,59,E
Patrick,Laverdiere,4,0,9,7,200,1,1,0,1,1,5,55,55,55,55,59,59,65,65,30,60,50,60,50,50,277.5,5471,739,25,99,59,E
Jeremy,Andrews Jr.,4,0,0,7,200,2,0,0,1,1,5,55,55,55,55,59,59,65,65,30,60,50,60,50,50,277.5,6068,740,25,98,59,E
Antti,Krogars,4,0,0,7,200,6,1,0,1,1,5,55,55,55,55,59,59,65,65,30,60,50,60,50,50,277.5,29464,741,25,96,59,E
Alvis,Jurkevics,5,0,0,7,200,14,1,0,1,1,5,55,55,55,55,59,59,65,65,30,60,50,60,50,50,277.5,28195,742,25,96,59,E
Scott,Minta,5,0,9,7,200,2,1,0,1,1,5,55,55,55,55,59,59,65,65,30,60,50,60,50,50,277.5,11662,743,25,96,59,E
Kristers,Rucis,5,0,1,7,200,14,1,0,1,1,5,55,55,55,55,59,59,65,65,30,60,50,60,50,50,277.5,15808,744,25,94,59,E
Kevin,Woodward,5,0,0,7,200,1,1,0,1,1,5,55,55,55,55,59,59,65,65,30,60,50,60,50,50,277.5,38557,745,25,95,59,E
Jeffrey,Pelletier,5,0,1,7,200,1,0,0,1,1,5,55,55,55,55,59,59,65,65,30,60,50,60,50,50,277.5,3840,746,25,95,59,E
Jill,Chambers,5,3,3,3,155,1,0,0,1,1,5,67,76,67,58,61,57,67,56,32,50,50,54,50,55,310,76,747,25,130,63,E
Gianni,Bianchi,5,4,4,7,220,1,0,0,4,9,10,60,71,62,62,61,67,58,44,28,59,59,63,68,52,313,296,748,25,131,63,E
Jean-Luc,Pinsent,2,0,6,5,185,1,1,0,1,1,7,57,54,53,63,69,66,64,61,20,50,50,68,57,51,310,94,749,25,150,63,E
Gerard,Pastorius,2,0,6,6,190,1,1,0,1,1,8,55,66,72,79,73,66,70,71,36,50,65,68,50,55,395,140,750,85,142,73,C
Matthew,Danson,2,0,7,10,200,11,0,0,1,1,9,56,53,49,71,61,69,65,60,20,50,50,75,58,51,310,70,751,25,145,63,E
Pete,Giebler,2,0,8,9,165,2,1,0,1,1,10,73,73,66,60,64,57,65,55,32,50,50,52,50,51,310,40,752,25,127,63,E
Miroslav,Chovancik,1,0,5,7,200,8,1,0,1,1,5,63,63,50,63,63,63,60,65,30,60,50,60,50,55,280.5,5058,753,50,47,59,E
Alex,Gerwitz,1,0,5,7,200,2,1,0,1,1,5,63,63,50,63,63,63,60,65,30,60,50,60,50,55,280.5,5122,754,50,47,59,E
Florian,Kasdorf,2,0,7,7,200,10,1,0,1,1,5,55,55,55,55,59,59,65,65,30,60,50,60,50,50,277.5,5764,755,25,95,59,E
Nick,Kempf,2,0,8,7,200,2,0,0,1,1,5,55,55,55,55,59,59,65,65,30,60,50,60,50,50,277.5,40708,756,25,99,59,E
Clement,Ma,2,0,7,7,200,1,0,0,1,1,5,55,55,55,55,59,59,65,65,30,60,50,60,50,50,277.5,27849,757,25,97,59,E
Greg,Netherwood,2,0,6,7,200,1,0,0,1,1,5,55,55,55,55,59,59,65,65,30,60,50,60,50,50,277.5,3537,758,25,102,59,E
Boris,Sarkov,2,0,7,7,200,3,1,0,1,1,5,55,55,55,55,59,59,65,65,30,60,50,60,50,50,277.5,53545,759,25,99,59,E
David,Zetterman,2,0,7,7,200,5,1,0,1,1,5,55,55,55,55,59,59,65,65,30,60,50,60,50,50,277.5,6175,760,25,102,59,E
Patrick,Cooper,2,0,8,7,200,1,1,0,1,1,5,55,55,55,55,59,59,65,65,30,60,50,60,50,50,277.5,1905,761,25,99,59,E
Reece,Asquith-Jepson,2,0,8,7,200,11,0,0,1,1,5,55,55,55,55,59,59,65,65,30,60,50,60,50,50,277.5,36733,762,25,94,59,E
James,Byun,3,0,3,7,200,1,0,0,1,1,5,55,55,55,55,59,59,65,65,30,60,50,60,50,50,277.5,295,763,25,95,59,E
Greg,Gross,3,0,1,7,200,2,1,0,1,1,5,55,55,55,55,59,59,65,65,30,60,50,60,50,50,277.5,90,764,25,96,59,E
Brian,Harmon,3,0,1,7,200,2,0,0,1,1,5,55,55,55,55,59,59,65,65,30,60,50,60,50,50,277.5,15855,765,25,96,59,E
Kyle,Knight,4,0,4,7,200,1,1,0,1,1,5,55,55,55,55,59,59,65,65,30,60,50,60,50,50,277.5,41979,766,25,96,59,E
Risto,Lönnström,4,0,4,7,200,6,1,0,1,1,5,55,55,55,55,59,59,65,65,30,60,50,60,50,50,277.5,4678,767,25,95,59,E
Joe,Palkowski,4,0,2,7,200,2,0,0,1,1,5,55,55,55,55,59,59,65,65,30,60,50,60,50,50,277.5,51775,768,25,97,59,E
Kyle,Saunders,4,0,2,7,200,1,1,0,1,1,5,55,55,55,55,59,59,65,65,30,60,50,60,50,50,277.5,34834,769,25,97,59,E
Janis,Sturitis,4,0,0,7,200,14,1,0,1,1,5,55,55,55,55,59,59,65,65,30,60,50,60,50,50,277.5,8617,770,25,97,59,E
Guy,Villeneuve,3,5,3,3,170,1,1,0,1,1,7,73,73,92,42,50,51,77,58,34,50,50,53,50,55,310,61556,771,25,119,63,E
Christopher,Wong,5,3,3,2,160,1,0,0,1,1,4,73,72,72,39,50,45,90,69,48,57,50,47,50,53,310,23,772,25,110,63,E
Zack,Gagnon,5,3,4,12,199,1,0,0,1,1,9,66,56,66,54,52,68,70,58,21,51,51,75,52,51,310,34288,773,25,135,63,E
Niall,Donovan,2,0,6,6,185,11,0,0,1,1,7,57,60,62,67,66,64,76,56,29,50,50,45,50,51,310,54051,774,25,142,63,E
Lorne,Pearl,2,0,6,11,205,1,0,0,1,1,7,52,60,58,67,66,65,62,60,32,50,52,64,55,51,310,30,775,25,141,63,E
Chris,Doherty,2,0,6,12,200,1,1,0,1,1,8,58,59,61,65,66,63,63,58,32,50,51,64,52,50,310,18787,776,25,140,63,E
Antanas-Dominykas,Noreika,2,0,8,4,190,11,0,0,1,1,10,65,69,76,58,65,56,67,57,28,50,50,52,50,51,310,45735,777,25,135,63,E
Alan,Trainor,2,0,7,10,210,1,0,0,10,3,1,56,56,48,67,67,66,62,64,32,50,75,64,59,58,325,172,778,25,134,64,E
Andrei,Venachenko,2,0,7,14,240,3,1,0,1,1,10,50,50,45,74,66,71,63,62,20,50,51,72,58,52,310,15552,779,25,147,63,E
Matt,Farrell,1,0,5,7,180,1,1,0,1,1,9,68,68,55,76,70,64,53,58,29,62,50,50,53,64,310,525,780,50,98,63,E
Thomas,Hewton-Waters,1,0,5,7,200,1,1,0,1,1,6,63,63,50,63,63,63,60,65,30,60,50,60,50,55,280.5,84,781,50,53,59,E
Austris,Landmanis,1,0,5,7,200,14,0,0,1,1,6,63,63,50,63,63,63,60,65,30,60,50,60,50,55,280.5,7548,782,50,51,59,E
Shaun,O'Neill,2,0,7,7,200,1,1,0,1,1,6,55,55,55,55,59,59,65,65,30,60,50,60,50,50,277.5,92,783,25,102,59,E
Vyacheslav,Podosokorskiy,2,0,6,7,200,3,1,0,1,1,6,55,55,55,55,59,59,65,65,30,60,50,60,50,50,277.5,5841,784,25,102,59,E
Andrew,Tarver,2,0,6,7,200,1,0,0,1,1,6,55,55,55,55,59,59,65,65,30,60,50,60,50,50,277.5,11,785,25,102,59,E
Azdine,Treille,2,0,8,7,200,19,1,0,1,1,6,55,55,55,55,59,59,65,65,30,60,50,60,50,50,277.5,83,786,25,101,59,E
Taylor,Kretzul,2,0,8,7,200,1,1,0,1,1,6,55,55,55,55,59,59,65,65,30,60,50,60,50,50,277.5,3831,787,25,97,59,E
Luke,Huebner,2,0,7,7,200,1,0,0,1,1,6,55,55,55,55,59,59,65,65,30,60,50,60,50,50,277.5,133,788,25,96,59,E
Daniel,Courchene,3,0,3,7,200,1,1,0,1,1,6,55,55,55,55,59,59,65,65,30,60,50,60,50,50,277.5,4584,789,25,94,59,E
Johnny,Craiser,3,0,5,7,200,2,0,0,1,1,6,55,55,55,55,59,59,65,65,30,60,50,60,50,50,277.5,50893,790,25,96,59,E
Matthew,Morrow,3,0,0,7,200,2,1,0,1,1,6,55,55,55,55,59,59,65,65,30,60,50,60,50,50,277.5,44889,791,25,94,59,E
Joe,Roselli,4,0,3,7,200,2,0,0,1,1,6,55,55,55,55,59,59,65,65,30,60,50,60,50,50,277.5,28610,792,25,94,59,E
Patrick,Albanese,4,0,0,7,200,2,0,0,1,1,6,55,55,55,55,59,59,65,65,30,60,50,60,50,50,277.5,183,793,25,97,59,E
Zac,Abrams,5,0,3,7,200,2,0,0,1,1,6,55,55,55,55,59,59,65,65,30,60,50,60,50,50,277.5,168,794,25,97,59,E
Ben,Prengel,2,0,8,6,175,10,0,0,1,1,7,64,62,69,60,64,62,67,60,32,50,50,52,50,51,310,113,795,25,133,63,E
Brenden,Thompson,2,0,7,8,200,2,0,0,1,1,8,50,50,45,73,66,70,64,67,20,50,50,71,57,51,310,51176,796,25,147,63,E
Michael,Astorino,2,0,6,6,195,12,1,0,1,1,9,61,61,61,67,64,64,63,57,29,50,50,64,52,50,310,51199,797,25,133,63,E
Claudi,Casamitjana,2,0,6,9,185,11,0,0,2,3,3,48,72,56,73,70,60,73,47,37,50,50,55,50,50,313,88,798,25,131,63,E
Adam,Adaosk,2,0,6,7,195,1,0,0,1,1,1,60,59,61,67,64,64,64,57,29,50,50,64,53,50,310,36382,799,25,133,63,E
Kenny,Wright,2,0,7,8,185,2,0,0,1,1,2,59,59,59,68,61,67,60,62,21,50,50,68,58,51,310,28609,800,25,140,63,E
Jordon,Newall,1,0,5,7,200,1,0,0,1,1,2,63,63,50,63,63,63,60,65,30,60,50,60,50,55,280.5,5137,801,50,46,59,E
Erik,John,1,0,5,7,190,11,0,0,1,1,10,63,63,50,63,63,63,60,65,30,60,50,60,50,55,280.5,59929,802,50,53,59,E
Aly,Kaba,1,0,5,7,200,1,1,0,1,1,10,63,63,50,63,63,63,60,65,30,60,50,60,50,55,280.5,2478,803,50,46,59,E
Sascha,Schneider,2,0,8,7,200,10,0,0,1,1,10,55,55,55,55,59,59,65,65,30,60,50,60,50,50,277.5,46267,804,25,99,59,E
Cole,Sorensen,2,0,8,7,200,2,0,0,1,1,10,55,55,55,55,59,59,65,65,30,60,50,60,50,50,277.5,38322,805,25,97,59,E
Illari,Katanainen,2,0,7,7,200,6,0,0,1,1,10,55,55,55,55,59,59,65,65,30,60,50,60,50,50,277.5,,806,25,100,59,E
Nicolas,Ducharme,2,0,6,7,200,1,0,0,1,1,10,55,55,55,55,59,59,65,65,30,60,50,60,50,50,277.5,216,807,25,97,59,E
Fernando,Garcia,3,0,1,7,200,11,0,0,1,1,10,55,55,55,55,59,59,65,65,30,60,50,60,50,50,277.5,22183,808,25,97,59,E
Ville,Kytömäki,3,0,0,7,200,6,1,0,1,1,10,55,55,55,55,59,59,65,65,30,60,50,60,50,50,277.5,17713,809,25,101,59,E
Glen,Nielsen,3,0,2,7,200,1,0,0,1,1,10,55,55,55,55,59,59,65,65,30,60,50,60,50,50,277.5,294,810,25,94,59,E
Cody,McCullough,4,0,4,11,220,1,1,0,1,1,10,59,50,50,62,61,68,70,59,26,74,50,68,50,50,310,292,811,25,126,63,E
Rancans,Gustavs,4,0,9,7,200,14,1,0,1,1,10,55,55,55,55,59,59,65,65,30,60,50,60,50,50,277.5,52626,812,25,94,59,E
Arturs,Guzha,4,0,4,7,200,14,1,0,1,1,10,55,55,55,55,59,59,65,65,30,60,50,60,50,50,277.5,11103,813,25,96,59,E
Jools,Denner,4,0,2,7,200,11,1,0,1,1,10,55,55,55,55,59,59,65,65,30,60,50,60,50,50,277.5,50691,814,25,97,59,E
Abdul-Haseeb,Ahmad,5,0,4,7,200,1,0,0,1,1,10,55,55,55,55,59,59,65,65,30,60,50,60,50,50,277.5,541,815,25,97,59,E
Jere,Airaksinen,5,0,0,7,200,6,1,0,1,1,10,55,55,55,55,59,59,65,65,30,60,50,60,50,50,277.5,,816,50,72,59,E
Kriss,Haferbergs,5,0,0,7,200,14,1,0,1,1,10,55,55,55,55,59,59,65,65,30,60,50,60,50,50,277.5,22475,817,25,97,59,E
Evan,Morrison,5,0,0,7,200,1,1,0,1,1,10,55,55,55,55,59,59,65,65,30,60,50,60,50,50,277.5,19814,818,25,97,59,E
Morgan,Smith,5,3,1,8,200,2,0,0,1,1,10,78,67,67,53,58,50,78,60,33,50,50,54,51,50,310,470,819,25,125,63,E
Cha-In,Wook,5,3,5,6,175,11,1,0,1,1,1,65,65,65,63,63,58,67,57,32,50,50,59,50,51,310,14768,820,25,128,63,E
Matt,DeGolva,2,0,6,7,185,2,1,0,1,1,2,58,59,61,67,62,66,65,57,27,50,50,64,52,50,310,13145,821,25,136,63,E
Cody,Bown,2,0,8,6,190,1,1,0,1,1,3,74,73,65,58,61,56,72,62,26,50,50,44,51,51,310,4117,822,25,131,63,E
Jack,Licehammer,2,0,6,6,185,4,0,0,1,1,3,60,60,60,68,62,64,64,59,30,50,50,65,55,51,313,63235,823,25,131,63,E
Dylan,Withers,2,0,8,6,175,1,1,0,1,1,5,65,67,70,63,57,65,65,57,32,50,50,55,50,51,310,63,824,25,128,63,E
Adrian,Dalla Corte,2,0,8,6,175,12,0,0,1,1,6,58,63,70,67,64,58,62,57,33,50,50,64,51,50,310,4349,825,25,131,63,E
Trevor,Pullin,1,0,5,4,170,2,0,0,1,1,8,67,72,55,69,66,64,54,57,36,70,50,50,52,63,310,3104,826,50,90,63,E
Jakob,Slavos,1,0,5,7,200,8,1,0,1,1,6,63,63,50,63,63,63,60,65,30,60,50,60,50,55,280.5,5237,827,50,54,59,E
Mark,Redman,1,0,5,7,200,1,1,0,1,1,6,63,63,50,63,63,63,60,65,30,60,50,60,50,55,280.5,56,828,50,51,59,E
Trevor,Murphy,2,0,7,7,200,1,1,0,1,1,6,55,55,55,55,59,59,65,65,30,60,50,60,50,50,277.5,1510,829,25,100,59,E
Sergei,Maslovsky,2,0,6,7,200,14,0,0,1,1,6,55,55,55,55,59,59,65,65,30,60,50,60,50,50,277.5,29537,830,25,97,59,E
Lari,Lahtela,2,0,8,7,200,6,1,0,1,1,6,55,55,55,55,59,59,65,65,30,60,50,60,50,50,277.5,159,831,25,97,59,E
Sebastien,Fontaine,2,0,8,7,200,1,0,0,1,1,6,55,55,55,55,59,59,65,65,30,60,50,60,50,50,277.5,8799,832,25,97,59,E
Pat,Collon,2,0,6,7,200,1,1,0,1,1,6,55,55,55,55,59,59,65,65,30,60,50,60,50,50,277.5,50,833,25,97,59,E
Emils,Berzs,3,0,9,7,200,14,0,0,1,1,6,55,55,55,55,59,59,65,65,30,60,50,60,50,50,277.5,6000,834,25,95,59,E
Armands,Ancveirs,3,0,2,7,200,14,1,0,1,1,6,55,55,55,55,59,59,65,65,30,60,50,60,50,50,277.5,35875,835,25,96,59,E
Michael,Silverling,3,0,9,7,200,2,1,0,1,1,6,55,55,55,55,59,59,65,65,30,60,50,60,50,50,277.5,239,836,25,94,59,E
Trevor,Seelert,3,0,3,7,200,1,1,0,1,1,6,55,55,55,55,59,59,65,65,30,60,50,60,50,50,277.5,361,837,25,95,59,E
Jakub,Myslivecek,4,0,5,7,200,4,0,0,1,1,6,55,55,55,55,59,59,65,65,30,60,50,60,50,50,277.5,44382,838,25,96,59,E
Ryan,MacLeod,4,0,2,7,200,1,1,0,1,1,6,64,65,65,64,65,65,77,78,34,64,50,71,50,51,380,2579,839,85,123,71,C
Jimmy,McNulty,5,0,5,7,200,2,0,0,1,1,6,55,55,55,55,59,59,65,65,30,60,50,60,50,50,277.5,4612,840,25,97,59,E
Vince,Leibold,5,0,5,7,200,2,0,0,1,1,6,55,55,55,55,59,59,65,65,30,60,50,60,50,50,277.5,27135,841,25,95,59,E
Ryan,Jesster,5,0,1,7,200,2,0,0,1,1,6,55,55,55,55,59,59,65,65,30,60,50,60,50,50,277.5,4631,842,25,95,59,E
Mark,Hoover,2,0,8,6,190,2,0,0,1,1,1,60,60,61,66,63,62,70,61,20,50,50,60,50,54,310,254,843,25,140,63,E
Peter,Farkas,2,0,7,6,175,11,0,0,1,1,2,58,59,46,70,66,70,61,60,22,50,50,70,51,50,310,55420,844,25,140,63,E
Julio,Bakos,2,0,8,5,175,1,1,0,1,1,3,61,62,75,65,66,55,66,58,33,50,50,53,50,51,310,61057,845,25,130,63,E
Michael,Lowden,2,0,6,8,190,11,0,0,1,1,4,59,59,61,65,64,64,64,57,34,50,50,66,52,50,310,16853,846,25,134,63,E
Becky,Reynolds,1,0,5,1,155,11,1,0,1,1,2,59,68,69,67,65,67,57,59,29,64,54,64,56,61,310,21114,847,50,78,63,E
Ioseph,Leskowsky,1,0,5,6,169,2,1,0,1,1,4,69,67,57,65,67,63,60,58,37,67,50,50,56,68,310,50295,848,50,95,63,E
Sebastian,Blay,1,0,5,3,210,10,0,0,1,1,1,65,68,56,79,73,65,52,57,39,66,50,50,51,56,319,81686,849,50,91,64,E
Trevor,McLoughlin,1,0,5,11,215,1,1,0,1,1,2,67,68,51,65,70,69,57,50,40,70,50,50,53,62,310,56312,850,50,95,63,E
Joseph,Murphy,1,0,5,7,200,11,1,0,1,1,3,63,63,50,63,63,63,60,65,30,60,50,60,50,55,280.5,22989,851,50,50,59,E
Alexandre,Legault,2,0,7,7,200,1,1,0,1,1,3,55,55,55,55,59,59,65,65,30,60,50,60,50,50,277.5,46228,852,25,99,59,E
Michael,Laskey,2,0,8,7,200,11,0,0,1,1,3,55,55,55,55,59,59,65,65,30,60,50,60,50,50,277.5,4608,853,25,97,59,E
Melissa,Welsh,2,0,8,7,200,2,0,0,1,1,3,55,55,55,55,59,59,65,65,30,60,50,60,50,50,277.5,28973,854,25,98,59,E
Brad,Thompson,2,0,8,7,200,1,0,0,1,1,3,55,55,55,55,59,59,65,65,30,60,50,60,50,50,277.5,14186,855,25,99,59,E
Dave,Desautels,2,0,7,7,200,1,1,0,1,1,3,55,55,55,55,59,59,65,65,30,60,50,60,50,50,277.5,3709,856,25,99,59,E
Steve,Berzins,2,0,6,7,200,1,1,0,1,1,3,55,55,55,55,59,59,65,65,30,60,50,60,50,50,277.5,124,857,25,101,59,E
John,Boutilier,3,0,3,7,200,1,1,0,1,1,3,55,55,55,55,59,59,65,65,30,60,50,60,50,50,277.5,166,858,25,101,59,E
Imre,Broce,3,0,5,7,200,2,0,0,1,1,3,55,55,55,55,59,59,65,65,30,60,50,60,50,50,277.5,8913,859,25,96,59,E
Matt,Hero,3,5,1,9,200,2,1,0,20,4,2,99,65,90,30,80,45,96,80,41,50,80,80,50,75,461,178,860,200,81,81,A
Adam,Jepockn,3,0,4,7,200,1,0,0,1,1,3,55,55,55,55,59,59,65,65,30,60,50,60,50,50,277.5,44548,861,25,97,59,E
Jessica,Steig,3,5,2,4,150,2,0,0,15,11,3,76,92,78,70,66,67,78,70,33,50,71,60,50,60,434,3110,862,135,128,78,B
James,Webb,4,0,5,7,200,1,0,0,1,1,3,55,55,55,55,59,59,65,65,30,60,50,60,50,50,277.5,5582,863,25,94,59,E
Brett,Noiles,4,0,5,7,200,1,1,0,1,1,3,55,55,55,55,59,59,65,65,30,60,50,60,50,50,277.5,1579,864,25,97,59,E
Alex,Jones,1,0,5,6,180,2,1,0,1,1,7,67,67,55,67,67,68,54,56,42,67,50,50,53,63,310,91,865,50,90,63,E
Marek,Luley,1,0,5,11,198,8,1,0,1,1,10,70,68,50,76,71,64,51,49,34,72,50,50,53,57,310,6212,866,50,95,63,E
Thor,Irónson,2,0,7,7,185,11,0,0,1,1,9,57,57,53,65,65,68,64,62,20,50,50,68,55,51,310,65882,867,25,144,63,E
Alex,Kozlov,2,0,6,6,175,7,0,0,1,1,10,58,58,62,65,65,65,63,60,31,50,50,62,50,50,310,44895,868,25,134,63,E
David,Stenvold,2,0,8,7,195,2,0,0,1,1,1,64,64,66,67,65,61,65,56,32,50,50,52,50,51,310,4697,869,25,132,63,E
Adam,Danton,2,0,7,6,185,1,0,0,1,1,2,52,51,46,69,65,69,67,63,20,50,50,72,58,51,310,43794,870,25,149,63,E
Jonathan,Lau,2,0,6,6,185,1,1,0,1,1,3,48,52,46,74,71,67,64,63,20,50,51,69,58,51,310,3562,871,25,148,63,E
Rihas,Slikevics,1,0,5,7,200,14,1,0,1,1,5,63,63,50,63,63,63,60,65,30,60,50,60,50,55,280.5,,872,50,49,59,E
Patrick,Walford,1,0,5,7,200,1,1,0,1,1,5,63,63,50,63,63,63,60,65,30,60,50,60,50,55,280.5,188,873,50,52,59,E
Gabriel,Dark,2,0,7,7,200,2,0,0,1,1,5,55,55,55,55,59,59,65,65,30,60,50,60,50,50,277.5,9994,874,25,93,59,E
Rob,Bechard,2,0,7,8,200,1,1,0,2,2,7,37,59,60,69,65,73,61,60,33,50,50,72,50,50,313,33,875,25,136,63,E
Monty,Bal,2,0,7,7,200,2,0,0,1,1,5,55,55,55,55,59,59,65,65,30,60,50,60,50,50,277.5,25,876,25,99,59,E
Jeff,Holden,2,0,8,7,200,1,1,0,1,1,5,55,55,55,55,59,59,65,65,30,60,50,60,50,50,277.5,366,877,25,101,59,E
Gary,Oldfield,2,0,6,7,200,1,0,0,1,1,5,55,55,55,55,59,59,65,65,30,60,50,60,50,50,277.5,87,878,25,97,59,E
Jardy,Bunclewirth,3,0,3,7,200,1,1,0,1,1,5,55,55,55,55,59,59,65,65,30,60,50,60,50,50,277.5,35962,879,25,99,59,E
Mairis,Ormanis,3,0,5,7,200,14,1,0,1,1,5,55,55,55,55,59,59,65,65,30,60,50,60,50,50,277.5,8113,880,25,97,59,E
Dan,Schaaf,3,0,0,7,200,2,1,0,1,1,5,55,55,55,55,59,59,65,65,30,60,50,60,50,50,277.5,15,881,25,97,59,E
Chad,Levasseur,4,0,9,7,200,1,1,0,1,1,5,55,55,55,55,59,59,65,65,30,60,50,60,50,50,277.5,2565,882,25,94,59,E
Tobias,Andersson,4,0,3,7,200,5,0,0,1,1,5,55,55,55,55,59,59,65,65,30,60,50,60,50,50,277.5,40028,883,25,94,59,E
Filip,Létal,5,3,5,7,200,4,1,0,1,1,7,67,67,67,61,63,58,66,57,32,55,50,54,50,51,310,60991,884,25,125,63,E
Dennis,Revel,5,3,3,7,195,2,0,0,1,1,8,69,69,69,60,61,57,65,59,32,50,50,56,50,53,310,16023,885,25,127,63,E
Phillipe,Aussant,4,0,5,7,200,1,0,0,1,1,5,55,55,55,55,59,59,65,65,30,60,50,60,50,50,277.5,21523,886,25,97,59,E
Marius,Ehl,4,0,4,7,200,10,1,0,1,1,5,55,55,55,55,59,59,65,65,30,60,50,60,50,50,277.5,110,887,25,97,59,E
Jay,Goff,5,0,3,7,200,1,0,0,1,1,5,55,55,55,55,59,59,65,65,30,60,50,60,50,50,277.5,2245,888,25,97,59,E
Matthew,Peer,5,3,3,3,160,2,0,0,1,1,10,66,68,69,59,64,60,65,59,32,50,50,52,50,51,310,233,889,25,131,63,E
Alex,Wright,5,3,1,6,185,1,1,0,1,1,1,89,74,78,43,47,50,75,64,34,52,50,53,50,51,310,63450,890,25,115,63,E
Juris,Zakis,5,3,1,6,185,14,0,0,1,1,2,85,71,77,49,53,51,74,58,34,57,50,49,50,51,310,65325,891,25,114,63,E
Dan,Curiel,2,0,6,6,185,2,0,0,1,1,3,46,58,48,72,65,64,64,75,22,50,51,71,54,51,313,61772,892,25,137,63,E
Jeff,Smith,2,0,8,9,195,2,1,0,1,1,4,57,63,59,64,61,68,65,58,20,50,50,66,58,51,310,55055,893,25,141,63,E
Zack,Pittman,1,0,5,7,225,1,0,0,20,5,1,90,75,75,85,85,85,95,75,20,80,50,50,50,74,467,22663,894,90,177,82,A
Jon,Kemppainen,2,0,6,9,220,2,0,0,1,1,6,52,60,60,66,63,63,63,61,31,50,56,66,55,55,310,218,895,25,133,63,E
Justin,Castleman,2,0,8,9,195,10,1,0,1,1,7,63,67,70,73,67,68,68,65,35,50,61,70,55,55,381,37834,896,50,162,71,D
Travis,Tilford,1,0,5,6,159,2,1,0,1,1,1,75,72,56,53,69,65,63,57,39,68,50,51,52,57,310,59803,897,50,85,63,E
Triston,Midlam,1,0,5,3,169,2,1,0,1,1,2,68,68,56,68,70,69,58,48,36,68,50,50,54,59,310,45725,898,50,92,63,E
Martin,Kraina,1,0,5,7,200,4,1,0,1,1,5,63,63,50,63,63,63,60,65,30,60,50,60,50,55,280.5,5460,899,50,51,59,E
Toni,Katainen,2,0,7,7,200,6,0,0,1,1,5,55,55,55,55,59,59,65,65,30,60,50,60,50,50,277.5,27519,900,25,93,59,E
Nils,Jurgenovskis,2,0,7,7,200,14,1,0,1,1,5,55,55,55,55,59,59,65,65,30,60,50,60,50,50,277.5,13601,901,25,102,59,E
Antonio,Jimenez,2,0,6,7,200,2,1,0,1,1,5,55,55,55,55,59,59,65,65,30,60,50,60,50,50,277.5,53046,902,25,99,59,E
Larry,Soles,2,0,7,7,200,2,0,0,1,1,5,55,55,55,55,59,59,65,65,30,60,50,60,50,50,277.5,4530,903,25,99,59,E
David,Smith,2,0,7,7,200,2,0,0,1,1,5,55,55,55,55,59,59,65,65,30,60,50,60,50,50,277.5,30386,904,25,94,59,E
Paul,Charles,2,0,6,7,200,2,0,0,1,1,5,55,55,55,55,59,59,65,65,30,60,50,60,50,50,277.5,16461,905,25,94,59,E
Chris,Carmichael,3,0,3,7,200,1,0,0,1,1,5,55,55,55,55,59,59,65,65,30,60,50,60,50,50,277.5,1726,906,25,94,59,E
Elliot,King,3,0,9,7,200,2,0,0,1,1,5,55,55,55,55,59,59,65,65,30,60,50,60,50,50,277.5,16194,907,25,96,59,E
Efraim,Larsson,1,0,5,6,175,5,1,0,10,8,10,70,70,90,70,75,75,50,80,20,65,50,50,50,50,360,5929,908,60,114,69,D
Edgars,Lazdans,3,0,3,7,200,14,0,0,1,1,5,55,55,55,55,59,59,65,65,30,60,50,60,50,50,277.5,9264,909,25,99,59,E
Andrej,Cvetkovski,4,0,1,7,200,2,0,0,1,1,5,55,55,55,55,59,59,65,65,30,60,50,60,50,50,277.5,31167,910,25,95,59,E
Danney,Green,4,0,5,7,200,1,1,0,1,1,5,55,55,55,55,59,59,65,65,30,60,50,60,50,50,277.5,186,911,25,94,59,E
Andy,Geleff,4,0,3,7,200,2,0,0,1,1,5,55,55,55,55,59,59,65,65,30,60,50,60,50,50,277.5,38,912,25,97,59,E
Darren,Nunis,5,3,5,6,175,11,0,0,1,1,6,55,55,55,55,59,59,65,65,30,60,50,60,50,50,277.5,31206,913,25,97,59,E
Patrick,Ng,5,3,5,7,180,1,1,0,1,1,7,66,62,64,64,64,59,68,58,33,50,50,55,50,53,310,429,914,25,132,63,E
Erik,Schlotman,2,0,8,7,190,2,0,0,1,1,8,59,61,61,64,66,64,61,59,30,50,50,63,54,51,310,2222,915,25,137,63,E
Ernie,Rubottom,2,0,8,7,185,2,0,0,1,1,10,64,72,70,59,64,57,65,57,29,50,50,57,50,52,310,40039,916,25,129,63,E
Dwaine,Bulger,2,0,8,7,200,1,1,0,1,1,1,57,58,60,66,65,64,66,59,25,50,50,65,53,50,310,5185,917,25,139,63,E
Adam,Obertan,2,0,6,7,190,1,0,0,1,1,2,55,61,61,67,65,65,62,60,26,50,50,65,52,50,310,55546,918,25,135,63,E
Charles,Meeker,1,0,5,4,159,2,1,0,1,1,9,71,69,65,63,65,65,64,55,34,66,51,53,53,62,310,51709,919,50,81,63,E
Intars,Barsovs,1,0,5,9,198,14,1,0,1,1,5,66,66,54,65,68,65,67,56,45,65,50,50,56,63,310,42114,920,50,79,63,E
Eric,Tremblay,1,0,5,7,200,1,1,0,1,1,7,63,63,50,63,63,63,60,65,30,60,50,60,50,55,280.5,51945,921,50,50,59,E
Sasha,Maniago,1,0,5,7,200,11,1,0,1,1,7,63,63,50,63,63,63,60,65,30,60,50,60,50,55,280.5,31174,922,50,55,59,E
Camilo,Cerón,2,0,6,7,200,11,0,0,1,1,7,55,55,55,55,59,59,65,65,30,60,50,60,50,50,277.5,6610,923,25,99,59,E
Sam,Cervino,2,0,8,7,200,2,0,0,1,1,7,55,55,55,55,59,59,65,65,30,60,50,60,50,50,277.5,161,924,25,100,59,E
Jared,Shaw,2,0,7,7,200,1,0,0,1,1,7,55,55,55,55,59,59,65,65,30,60,50,60,50,50,277.5,260,925,25,99,59,E
David,Bellerose,2,0,8,7,200,2,0,0,1,1,7,55,55,55,55,59,59,65,65,30,60,50,60,50,50,277.5,,926,25,100,59,E
Valeri,Kanchelski,2,0,8,7,200,3,0,0,1,1,7,55,55,55,55,59,59,65,65,30,60,50,60,50,50,277.5,,927,25,101,59,E
William,Daviault,2,0,6,7,200,2,0,0,1,1,7,55,55,55,55,59,59,65,65,30,60,50,60,50,50,277.5,,928,25,97,59,E
Dominic,Carrier,2,0,6,7,200,2,0,0,1,1,7,55,55,55,55,59,59,65,65,30,60,50,60,50,50,277.5,,929,25,101,59,E
Troy,Mueller,3,0,2,7,200,2,1,0,1,1,7,55,55,55,55,59,59,65,65,30,60,50,60,50,50,277.5,170,930,25,96,59,E
Kalle,Savolainen,3,0,4,7,200,6,1,0,1,1,7,55,55,55,55,59,59,65,65,30,60,50,60,50,50,277.5,48508,931,25,94,59,E
Ben,Campbell,4,0,4,7,200,2,0,0,1,1,7,55,55,55,55,59,59,65,65,30,60,50,60,50,50,277.5,687,932,25,96,59,E
Wes,Dewanye,4,0,9,7,200,2,0,0,1,1,7,55,55,55,55,59,59,65,65,30,60,50,60,50,50,277.5,,933,25,95,59,E
Vitali,Kurakin,4,0,0,7,200,3,0,0,1,1,7,55,55,55,55,59,59,65,65,30,60,50,60,50,50,277.5,,934,25,97,59,E
Patrick,Kelly,4,0,3,7,200,2,0,0,1,1,7,55,55,55,55,59,59,65,65,30,60,50,60,50,50,277.5,,935,25,97,59,E
Oskari,Tuomela,5,0,3,7,200,6,1,0,1,1,7,55,55,55,55,59,59,65,65,30,60,50,60,50,50,277.5,51955,936,25,97,59,E
Nelson,Hackewich,2,0,8,6,200,1,1,0,1,1,5,60,59,61,67,64,64,63,57,32,50,50,64,53,50,310,1575,937,25,134,63,E
Nathan,Englert,2,0,8,8,200,2,0,0,1,1,6,72,73,75,49,61,52,73,62,38,50,50,45,50,51,310,3333,938,25,123,63,E
Marc,Berube,2,0,8,7,175,1,0,0,7,12,6,73,61,64,59,64,50,73,64,32,50,50,56,50,59,313,285,939,25,128,63,E
Reiner,Emrich,2,0,6,8,200,2,1,0,1,1,8,60,61,61,65,64,63,64,58,32,50,50,64,52,50,310,30266,940,25,131,63,E
Marie,Labrecque,2,0,6,7,175,11,1,0,28,1,4,35,66,39,74,69,73,51,51,36,50,50,77,86,59,313,4373,941,25,151,63,E
Zach,Wright,5,3,3,6,185,2,1,0,24,3,8,47,85,76,59,62,47,68,59,36,50,59,59,50,57,310,24307,942,25,117,63,E
Matthew,Rodier,2,0,7,7,195,1,0,0,1,1,1,52,52,46,69,65,69,66,63,20,50,50,72,58,52,310,176,943,25,149,63,E
Gord,Sullivan,2,0,8,7,190,1,0,0,1,1,2,55,55,55,55,59,59,65,65,30,60,50,60,50,50,277.5,60789,944,25,94,59,E
Raj,Toor,1,0,5,7,171,1,1,0,1,1,1,65,65,57,78,68,62,55,57,36,67,50,55,56,57,310,154,945,50,85,63,E
Reese,Estrada,1,0,5,7,180,2,1,0,1,1,3,68,68,51,67,69,68,57,53,39,67,50,50,53,63,310,53467,946,50,89,63,E
Trey,Eshleman,1,0,5,4,209,2,1,0,1,1,4,63,63,50,63,63,63,60,65,30,60,50,60,50,55,280.5,59270,947,50,51,59,E
Gabriel,Dibble,1,0,5,7,200,2,0,0,1,1,2,63,63,50,63,63,63,60,65,30,60,50,60,50,55,280.5,,948,50,46,59,E
Artem,Kopul,2,0,7,7,200,3,0,0,1,1,2,55,55,55,55,59,59,65,65,30,60,50,60,50,50,277.5,,949,25,101,59,E
Philippe,Grandbois,2,0,6,7,200,1,1,0,1,1,2,55,55,55,55,59,59,65,65,30,60,50,60,50,50,277.5,,950,25,100,59,E
Martin,Labranche,2,0,8,7,200,2,0,0,1,1,2,55,55,55,55,59,59,65,65,30,60,50,60,50,50,277.5,,951,25,102,59,E
Eric,Hrudey,3,0,3,7,200,2,1,0,1,1,2,55,55,55,55,59,59,65,65,30,60,50,60,50,50,277.5,,952,25,96,59,E
Dean,Cavanaugh,3,0,9,7,200,2,0,0,1,1,2,55,55,55,55,59,59,65,65,30,60,50,60,50,50,277.5,,953,25,94,59,E
Todd,Nitt,3,0,5,7,200,2,0,0,1,1,2,55,55,55,55,59,59,65,65,30,60,50,60,50,50,277.5,,954,25,96,59,E
Igor,Chupin,4,0,0,7,200,7,1,0,1,1,2,55,55,55,55,59,59,65,65,30,60,50,60,50,50,277.5,,955,25,96,59,E
Oleg,Fedzuga,4,0,3,7,200,4,0,0,1,1,2,55,55,55,55,59,59,65,65,30,60,50,60,50,50,277.5,,956,25,96,59,E
Kimmo,Hakkinen,4,0,2,7,200,6,0,0,1,1,2,55,55,55,55,59,59,65,65,30,60,50,60,50,50,277.5,,957,25,96,59,E
Pavol,Radil,4,0,3,7,200,4,1,0,1,1,2,55,55,55,55,59,59,65,65,30,60,50,60,50,50,277.5,,958,25,97,59,E
Adam,Robichaud,5,0,2,7,200,2,1,0,1,1,2,55,55,55,55,59,59,65,65,30,60,50,60,50,50,277.5,,959,25,97,59,E
Jean-François,Gendron,5,0,1,7,200,2,1,0,1,1,2,55,55,55,55,59,59,65,65,30,60,50,60,50,50,277.5,,960,25,97,59,E
Mikus,Leduskrasts,5,3,5,7,180,14,1,0,1,1,4,63,63,63,63,64,61,68,57,32,51,50,54,50,55,310,29718,961,25,136,63,E
Ritvars,Stankevich,5,3,1,7,185,14,1,0,1,1,5,69,67,65,63,61,58,64,60,32,54,50,55,50,54,310,22551,962,25,124,63,E
Quinten,Ross,2,0,6,7,195,2,0,0,1,1,6,57,60,62,65,64,65,60,61,31,50,52,64,54,51,310,16845,963,25,133,63,E
Ingemars,Saicans,2,0,8,7,185,14,1,0,1,1,7,58,62,60,66,64,64,64,57,27,50,52,64,56,51,310,18461,964,25,135,63,E
Jonny,Eliasson,2,0,6,6,180,5,1,0,1,1,8,60,60,61,65,64,62,65,59,31,50,50,64,52,50,310,5530,965,25,131,63,E
Eric,Storm,2,0,7,7,190,2,0,0,1,1,9,57,61,52,66,68,70,61,59,27,50,50,62,52,50,310,59788,966,25,138,63,E
Kaspars,Štromanis,1,0,5,4,158,14,1,0,1,1,6,71,69,52,65,67,67,56,61,21,72,50,50,53,60,310,34677,967,50,104,63,E
Artem,Karr,1,0,5,7,180,3,1,0,1,1,5,68,68,56,70,71,69,58,50,29,68,50,50,50,59,310,5887,968,50,97,63,E
Klavs,Bosh,1,0,5,7,200,14,1,0,1,1,9,63,63,50,63,63,63,60,65,30,60,50,60,50,55,280.5,15408,969,50,53,59,E
Teppo,Hurmekirves,1,0,5,7,200,6,1,0,1,1,9,63,63,50,63,63,63,60,65,30,60,50,60,50,55,280.5,44284,970,50,50,59,E
Leonard,Avery,2,0,7,7,200,1,0,0,1,1,9,55,55,55,55,59,59,65,65,30,60,50,60,50,50,277.5,40618,971,25,101,59,E
Raymond,MacGillivray,2,0,6,7,200,1,1,0,1,1,9,55,55,55,55,59,59,65,65,30,60,50,60,50,50,277.5,1034,972,25,101,59,E
Jiri,Kapus,2,0,7,7,200,4,0,0,1,1,9,55,55,55,55,59,59,65,65,30,60,50,60,50,50,277.5,,973,25,101,59,E
Dmitri,Tiomkin,2,0,8,7,200,3,1,0,1,1,9,55,55,55,55,59,59,65,65,30,60,50,60,50,50,277.5,,974,25,100,59,E
Danny,Sutter,2,0,6,7,200,2,0,0,1,1,9,55,55,55,55,59,59,65,65,30,60,50,60,50,50,277.5,,975,25,97,59,E
Daniel,O'Brian,2,0,7,7,200,2,0,0,1,1,9,55,55,55,55,59,59,65,65,30,60,50,60,50,50,277.5,,976,25,100,59,E
Oleg,Tsulygin,2,0,8,7,200,3,1,0,1,1,9,55,55,55,55,59,59,65,65,30,60,50,60,50,50,277.5,,977,25,99,59,E
Rihards,Leimants,3,0,5,7,200,14,1,0,1,1,9,55,55,55,55,59,59,65,65,30,60,50,60,50,50,277.5,9745,978,25,100,59,E
Seppo,Pirnes,3,0,9,7,200,6,1,0,1,1,9,55,55,55,55,59,59,65,65,30,60,50,60,50,50,277.5,,979,25,100,59,E
Radislav,Matvichuk,3,0,4,7,200,4,0,0,1,1,9,55,55,55,55,59,59,65,65,30,60,50,60,50,50,277.5,,980,25,100,59,E
Miika,Mäkinen,3,0,9,7,200,6,1,0,1,1,9,55,55,55,55,59,59,65,65,30,60,50,60,50,50,277.5,,981,25,100,59,E
Jag,Chahal,4,0,1,7,200,1,0,0,1,1,9,55,55,55,55,59,59,65,65,30,60,50,60,50,50,277.5,41,982,25,99,59,E
Martin,Lapierre,4,0,2,7,200,2,0,0,1,1,9,55,55,55,55,59,59,65,65,30,60,50,60,50,50,277.5,,983,25,98,59,E
Dean,Casey,4,0,0,7,200,1,0,0,1,1,9,55,55,55,55,59,59,65,65,30,60,50,60,50,50,277.5,,984,25,99,59,E
Oscar,Lindström,2,0,6,6,205,5,1,0,1,1,1,55,70,63,64,68,62,64,56,34,50,50,55,50,50,310,1565,985,25,134,63,E
David,Xia,2,0,8,6,180,1,0,0,1,1,2,66,66,68,62,65,58,66,58,34,50,50,52,50,52,310,5356,986,25,129,63,E
Erik,Stoll,2,0,6,3,165,2,0,0,1,1,3,57,62,57,67,61,66,67,57,20,50,50,66,59,50,310,101,987,25,146,63,E
Christofer,Nilsson,2,0,6,6,185,5,1,0,1,1,4,57,57,51,65,64,69,63,63,20,50,50,70,56,51,310,60109,988,25,145,63,E
Matt,Roy,2,0,6,9,190,1,0,0,1,1,5,57,57,57,64,65,68,66,58,20,50,50,69,50,50,310,1139,989,25,145,63,E
Larry,Horse,2,0,6,7,195,2,0,0,1,1,6,57,62,58,58,62,61,79,60,38,50,50,55,50,51,310,60715,990,25,135,63,E
Niels,Söth,1,0,5,7,183,10,0,0,1,1,8,69,69,50,75,71,66,50,58,26,67,50,51,51,55,310,115,991,50,103,63,E
Christopher,Alexander,1,0,5,11,179,2,1,0,1,1,6,66,66,55,73,71,64,52,57,39,66,50,50,50,63,310,60960,992,50,93,63,E
Krists,Zommers,1,0,5,9,185,14,0,0,1,1,7,67,67,58,76,69,63,56,55,39,63,50,50,53,62,310,58958,993,50,91,63,E
Duncan,Craig,1,0,5,10,245,11,0,0,1,1,8,66,66,50,68,71,69,58,50,41,68,50,50,52,63,310,60160,994,50,93,63,E
Olivier,Fortin,2,0,8,7,200,2,1,0,1,1,9,55,55,55,55,59,59,65,65,30,60,50,60,50,50,277.5,,995,25,101,59,E
Christian,Chevalier,2,0,6,7,200,1,0,0,1,1,9,55,55,55,55,59,59,65,65,30,60,50,60,50,50,277.5,,996,25,102,59,E
Pablo,Junker,2,0,7,7,200,2,0,0,1,1,9,55,55,55,55,59,59,65,65,30,60,50,60,50,50,277.5,,997,25,93,59,E
Benjamin,Gignac,2,0,8,7,200,2,0,0,1,1,9,55,55,55,55,59,59,65,65,30,60,50,60,50,50,277.5,,998,25,93,59,E
Scott,Moran,3,0,9,7,200,1,0,0,1,1,9,55,55,55,55,59,59,65,65,30,60,50,60,50,50,277.5,495,999,25,101,59,E
André,Vandal,3,0,0,7,200,1,1,0,1,1,9,55,55,55,55,59,59,65,65,30,60,50,60,50,50,277.5,,1000,25,100,59,E
Renaud,Venne,3,0,1,7,200,2,0,0,1,1,9,55,55,55,55,59,59,65,65,30,60,50,60,50,50,277.5,,1001,25,99,59,E
François,Aucoin,3,0,2,7,200,2,1,0,1,1,9,55,55,55,55,59,59,65,65,30,60,50,60,50,50,277.5,,1002,25,93,59,E
Joe,Morgado,3,0,5,7,200,2,0,0,1,1,9,55,55,55,55,59,59,65,65,30,60,50,60,50,50,277.5,,1003,25,93,59,E
Adam,Hill,4,0,1,7,200,2,0,0,1,1,9,55,55,55,55,59,59,65,65,30,60,50,60,50,50,277.5,,1004,25,93,59,E
Andrew,McCready,4,0,1,7,200,2,1,0,1,1,9,55,55,55,55,59,59,65,65,30,60,50,60,50,50,277.5,,1005,25,101,59,E
Denis,Demers,4,0,1,7,200,2,0,0,1,1,9,55,55,55,55,59,59,65,65,30,60,50,60,50,50,277.5,,1006,25,99,59,E
Sébastien,Bergeron,4,0,2,7,200,1,1,0,1,1,9,55,55,55,55,59,59,65,65,30,60,50,60,50,50,277.5,,1007,25,99,59,E
Brendan,Glenwright,5,0,5,7,200,1,0,0,1,1,9,55,55,55,55,59,59,65,65,30,60,50,60,50,50,277.5,1224,1008,25,100,59,E
Eric,Hermes,5,0,2,7,200,11,1,0,1,1,9,55,55,55,55,59,59,65,65,30,60,50,60,50,50,277.5,43,1009,25,102,59,E
Simon,Huot,5,0,3,7,200,2,0,0,1,1,9,55,55,55,55,59,59,65,65,30,60,50,60,50,50,277.5,,1010,25,101,59,E
Chris,McKay,4,0,2,7,200,1,0,0,1,1,9,55,55,55,55,59,59,65,65,30,60,50,60,50,50,277.5,,2298,25,101,59,E
Albert,Rybenko,4,0,2,7,200,3,0,0,1,1,4,55,55,55,55,59,59,65,65,30,60,50,60,50,50,277.5,,2302,25,93,59,E
Matthew,Griffith,4,0,2,7,200,1,0,0,1,1,9,55,55,55,55,59,59,65,65,30,60,50,60,50,50,277.5,,2305,25,94,59,E
Mike,Tyler,3,0,2,7,200,1,1,0,1,1,2,55,55,55,55,59,59,65,65,30,60,50,60,50,50,277.5,,2313,25,100,59,E
Tim,Archen,5,0,3,7,200,1,1,0,1,1,3,55,55,55,55,59,59,65,65,30,60,50,60,50,50,277.5,,2314,25,97,59,E
Daryl,Archer,4,0,4,7,200,1,0,0,1,1,8,55,55,55,55,59,59,65,65,30,60,50,60,50,50,277.5,,2315,25,98,59,E
Jon,Ronning,3,0,3,7,200,1,0,0,1,1,1,55,55,55,55,59,59,65,65,30,60,50,60,50,50,277.5,,2316,25,97,59,E
Eriq,Costa,4,0,5,7,200,2,0,0,1,1,6,55,55,55,55,59,59,65,65,30,60,50,60,50,50,277.5,,2317,25,98,59,E
Dave,Bower,2,0,6,7,200,2,0,0,1,1,1,55,55,55,55,59,59,65,65,30,60,50,60,50,50,277.5,,2318,25,94,59,E
Fred,Gangnus,5,0,4,7,200,10,1,0,1,1,9,55,55,55,55,59,59,65,65,30,60,50,60,50,50,277.5,840,2319,25,97,59,E
Dustin,Funk,2,0,6,10,212,1,1,0,3,10,7,53,56,52,65,71,66,74,65,38,50,50,47,50,60,319,1054,2320,25,153,64,E
Danny,Uyeda,5,0,4,7,200,2,0,0,1,1,2,55,55,55,55,59,59,65,65,30,60,50,60,50,50,277.5,,2321,25,98,59,E
Jonas,Salming,5,0,5,7,200,5,0,0,1,1,2,55,55,55,55,59,59,65,65,30,60,50,60,50,50,277.5,,2322,25,100,59,E
Ryan,van Vuren,5,0,0,7,200,2,0,0,1,1,7,55,55,55,55,59,59,65,65,30,60,50,60,50,50,277.5,3469,2323,25,99,59,E
Simon,Wilson,5,0,3,7,200,1,1,0,1,1,7,55,55,55,55,59,59,65,65,30,60,50,60,50,50,277.5,24,2324,25,94,59,E
Devon,Brown,5,0,1,7,200,1,0,0,1,1,5,64,65,64,64,65,65,78,78,34,64,50,71,50,50,380,60,2325,85,123,71,C
Matt,Fennell,5,0,5,7,200,1,0,0,1,1,5,64,64,64,60,62,62,54,60,29,59,59,59,59,60,310,22,2326,25,129,63,E
Christopher,DeSouza,5,0,1,7,200,2,0,0,1,1,5,55,55,55,55,59,59,65,65,30,60,50,60,50,50,277.5,1288,2327,25,100,59,E
Olivier,Turcotte,5,0,0,7,200,1,0,0,1,1,5,55,55,55,55,59,59,65,65,30,60,50,60,50,50,277.5,507,2328,25,99,59,E
Jamie,Pierce,5,0,9,7,200,2,0,0,1,1,3,55,55,55,55,59,59,65,65,30,60,50,60,50,50,277.5,539,2329,25,98,59,E
George,Peklo,5,0,9,7,200,10,1,0,1,1,3,55,55,55,55,59,59,65,65,30,60,50,60,50,50,277.5,411,2330,25,101,59,E
Alex,Hiller,5,0,1,7,200,1,0,0,1,1,3,55,55,55,55,59,59,65,65,30,60,50,60,50,50,277.5,30259,2331,25,94,59,E
Lawrence,Glew,5,0,2,7,200,1,0,0,1,1,3,55,55,55,55,59,59,65,65,30,60,50,60,50,50,277.5,268,2332,25,98,59,E
David,Iusi,5,0,3,7,200,1,0,0,1,1,6,55,55,55,55,59,59,65,65,30,60,50,60,50,50,277.5,132,2333,25,97,59,E
Mark,Bradley,5,0,9,7,200,1,0,0,1,1,6,62,63,62,62,64,64,62,62,22,52,52,62,52,52,310,44192,2334,25,140,63,E
Marcus,Linen,5,0,9,7,200,5,0,0,1,1,10,55,55,55,55,59,59,65,65,30,60,50,60,50,50,277.5,4237,2335,25,96,59,E
Jeremy,Ducaine,5,0,9,7,200,2,0,0,1,1,6,55,55,55,55,59,59,65,65,30,60,50,60,50,50,277.5,1938,2336,25,101,59,E
Nick,Duchaine,5,0,1,7,200,1,0,0,1,1,6,55,55,55,55,59,59,65,65,30,60,50,60,50,50,277.5,46227,2337,25,101,59,E
Timon,Knoblich,5,0,3,7,200,10,0,0,1,1,6,55,55,55,55,59,59,65,65,30,60,50,60,50,50,277.5,112,2338,25,97,59,E
Danny,Sylas,5,0,3,7,200,1,0,0,1,1,5,55,55,55,55,59,59,65,65,30,60,50,60,50,50,277.5,606,2339,25,101,59,E
Ian,Wood,5,0,2,7,200,1,1,0,1,1,5,55,55,55,55,59,59,65,65,30,60,50,60,50,50,277.5,3904,2340,25,98,59,E
Valtteri,ðBorgå,2,0,0,6,168,11,0,0,23,11,5,50,99,50,99,85,85,51,74,20,50,50,99,99,50,485,69109,2341,200,153,84,A
Godric,Leskowsky,5,3,1,4,180,1,1,0,21,9,1,91,80,80,50,71,57,91,90,45,50,75,50,50,75,455,67697,2342,200,90,81,A
Maddy,Steele,3,5,1,2,130,1,1,0,22,7,4,80,76,66,39,59,52,63,57,29,58,50,62,62,70,310,70211,2343,25,138,63,E
Oliver,Hayden,2,0,9,8,195,11,0,0,11,3,6,53,61,61,61,64,63,57,63,30,50,60,70,50,63,310,70763,2344,25,136,63,E
Kevin,Astbury,2,0,8,5,190,11,0,0,14,2,6,68,63,70,53,64,56,66,59,26,50,50,61,50,64,310,71520,2345,25,138,63,E
Santi,Piñeiro,4,5,2,14,250,11,0,0,23,11,5,87,90,85,60,69,45,74,75,45,92,93,77,50,60,461,74111,2346,200,30,81,A
Johannes,ðBorgå,1,0,5,0,159,11,0,0,16,3,10,69,89,50,73,60,82,54,47,20,57,50,50,50,50,310,69155,2347,50,98,63,E
Günther,Weißmüller,3,5,4,13,233,10,1,0,1,1,9,71,60,56,56,59,67,65,61,22,50,51,70,50,50,310,74109,2348,25,139,63,E
Andrew,Sorensen,1,0,5,10,190,2,1,0,1,1,6,67,66,66,67,68,68,57,59,27,68,50,58,50,50,310,74138,2349,50,77,63,E
Ryan,Coyte,4,5,4,11,220,1,1,0,1,1,1,67,56,56,66,61,65,63,65,29,68,60,65,50,50,325,71848,2350,25,122,64,E
Jakub,Salinger,2,0,8,4,170,8,1,0,1,1,3,55,71,58,61,63,63,67,59,24,50,51,66,50,50,310,69322,2351,25,134,63,E
Cole,Trickle,1,0,5,13,195,2,1,0,1,1,7,73,69,50,69,68,65,53,61,30,67,50,55,50,55,310,69435,2352,50,90,63,E
David,Becker,1,0,5,8,201,1,1,0,1,1,8,68,68,71,71,68,69,55,57,23,66,50,50,50,50,310,70168,2353,50,86,63,E
Martin,Roldan,5,0,4,9,189,1,1,0,31,12,10,75,69,73,71,61,73,70,58,20,50,50,58,78,50,375,67802,2354,50,193,71,D
Richard,Dumins,5,3,2,11,210,14,0,0,1,1,7,65,73,75,43,56,55,74,60,24,50,51,66,50,55,310,68581,2355,25,131,63,E
Xander,Heikelä,4,3,3,9,207,6,1,0,1,1,9,75,65,75,48,55,55,64,66,25,71,50,61,50,50,310,71207,2356,25,117,63,E
Pepe,Bostones,2,0,8,10,215,1,1,0,1,1,2,61,57,47,62,65,68,67,54,25,50,57,68,61,50,310,59584,2357,25,142,63,E
Jason,Gilmartin,1,0,5,4,180,2,0,0,1,1,4,76,62,59,67,71,67,50,62,24,67,50,50,50,55,310,66139,2358,50,94,63,E
Yngwie,Swift,1,0,5,11,205,5,1,0,1,1,5,67,66,50,75,72,68,50,58,20,73,50,51,50,51,310,66142,2359,50,97,63,E
Dennis,Jimenez,3,5,2,12,215,2,1,0,1,1,9,68,77,74,45,54,64,71,54,22,50,52,58,53,50,310,66344,2360,25,137,63,E
Seppo,Valtama,3,5,3,12,175,6,0,0,1,1,1,77,67,83,37,46,55,80,62,24,50,50,64,56,52,310,69451,2361,25,133,63,E
Adam,Weston,3,5,4,8,210,14,1,0,1,1,2,48,62,51,61,65,68,70,59,20,50,50,75,50,50,310,70197,2362,25,146,63,E
Brandon,McCartney,4,5,1,2,150,2,0,0,17,8,5,90,90,90,30,68,45,89,90,20,99,50,60,50,90,443,74384,2363,200,71,79,A
Jake,Owenes,2,0,8,13,257,11,0,0,6,10,6,54,54,54,85,60,74,60,51,20,50,50,68,52,54,310,74484,2364,25,149,63,E
Krzysztof,Kowalowka,3,4,4,11,220,18,1,0,2,5,6,67,51,58,60,61,62,70,61,28,56,51,65,55,54,310,74610,2365,25,135,63,E
Noah,Hanley,1,0,5,11,167,1,1,0,21,12,5,74,73,58,73,60,50,59,56,37,64,58,72,59,67,310,70438,2366,50,66,63,E
Roka,Owenes,4,0,1,7,180,11,0,0,2,3,5,80,66,67,51,57,57,69,52,24,71,50,62,50,52,310,74845,2367,25,119,63,E
Stefan,Bystedt,2,0,6,11,234,5,1,0,5,8,5,33,41,42,83,76,74,71,63,37,50,50,76,50,50,331,74996,2368,25,160,65,E
Jakhangir,Orucov,3,5,1,17,270,11,0,0,15,10,7,87,53,87,45,59,60,46,62,20,50,50,81,50,50,310,75005,2369,25,128,63,E
J?nis,Robežs,5,3,1,15,180,14,1,0,19,12,7,80,60,74,57,66,45,71,57,20,50,50,61,50,55,310,75882,2370,25,137,63,E
Sam,Austin,1,0,5,11,190,2,0,0,24,11,7,71,71,50,71,71,71,50,50,24,63,50,57,50,61,310,76053,2371,50,99,63,E
Joe,Twinberry,3,5,1,9,200,1,1,0,2,7,7,82,58,80,40,69,45,79,70,25,50,50,43,50,50,310,76278,2372,25,132,63,E
Carl,Kleinson,3,5,4,8,200,14,1,0,1,1,7,73,48,65,53,55,66,70,61,24,50,50,74,50,50,310,76344,2373,25,133,63,E
Casey,Casper,1,0,5,12,230,2,0,0,19,7,7,70,70,50,70,70,69,50,50,20,70,70,50,50,53,310,3206,2374,50,88,63,E
Damian,Duffy,1,0,5,15,275,1,0,0,6,11,7,70,69,68,65,65,66,68,60,20,65,50,50,50,63,310,76495,2375,50,85,63,E
Allie,Smith,3,5,1,5,130,1,1,0,30,6,1,80,72,75,60,68,62,70,70,56,50,86,70,86,86,449,76494,2376,85,200,80,C
Fredrik,Olsson,4,5,1,9,185,5,1,0,7,7,1,94,85,81,50,69,45,84,70,50,99,50,74,50,69,446,76524,2377,135,121,80,B
Christoffer,Lind,2,0,6,11,194,5,0,0,30,8,5,33,63,53,79,73,58,71,68,36,50,64,55,50,51,319,76536,2378,25,140,64,E
Lucas,Rayvals,3,4,3,8,240,1,1,0,6,12,7,70,70,70,57,60,55,65,57,25,68,50,58,50,50,310,76574,2379,25,124,63,E
Johan,Lindgren,2,0,6,10,205,5,1,0,16,8,7,58,30,42,60,73,71,69,60,30,50,70,70,50,55,310,76589,2380,25,139,63,E
Rodderick,O'Brien,5,3,3,11,215,11,1,0,18,12,1,95,90,90,70,65,65,95,67,34,50,54,60,58,63,479,76590,2381,200,130,84,A
Robert,Tamberinni,2,0,7,12,235,12,1,0,18,5,7,71,51,55,65,63,76,70,67,20,50,55,75,69,50,360,76615,2382,25,194,69,E
Eddie,Vallin,4,0,2,11,220,11,0,0,6,7,2,85,95,88,40,80,51,90,80,30,90,70,50,50,60,458,76732,2383,135,138,81,B
Ian,Heimbuch,2,0,8,8,190,2,0,0,28,10,3,66,87,61,87,79,72,66,82,42,50,50,76,50,50,449,66115,2384,200,87,80,A
Juan,Juarez,5,0,5,10,210,2,0,0,4,4,7,60,54,64,70,62,65,60,58,30,50,50,65,60,50,310,77035,2385,25,139,63,E
James,Norton,5,3,3,7,200,1,1,0,1,1,9,63,63,63,57,61,61,64,64,29,50,50,64,50,59,310,153,2386,25,140,63,E
Chase,Yaremchuk,3,5,4,10,215,1,1,0,16,4,3,69,69,80,70,68,71,80,70,30,50,50,70,50,56,416,128,2387,85,187,76,C
Wynter,Philip,2,0,7,8,190,1,0,0,21,10,8,31,65,46,71,69,69,67,62,44,50,50,64,50,65,316,78992,2388,25,137,63,E
Ryan,Santee,4,5,3,8,180,2,0,0,24,10,9,56,73,64,30,62,45,82,56,46,84,76,47,50,76,310,77446,2389,25,103,63,E
Ryan,Spiller,2,0,7,9,200,2,0,0,23,7,1,55,90,64,99,85,85,60,90,55,50,50,70,80,85,521,77873,2390,200,185,89,A
Josh,Redbow,2,0,6,10,223,2,0,0,22,3,4,44,71,49,70,64,71,70,50,23,50,54,66,50,51,310,78062,2391,25,147,63,E
Robert,Holmlund,2,0,8,9,209,5,0,0,29,10,7,68,72,55,46,62,57,72,64,20,50,84,55,50,50,310,78154,2392,25,118,63,E
Andrew,Baker-Richards,4,0,4,12,212,1,1,0,20,9,1,70,64,63,60,61,69,70,58,22,68,50,67,50,50,341,78345,2393,25,149,66,E
Fredrik,Bengtsson,4,0,2,10,190,5,0,0,22,2,10,95,90,87,40,62,57,94,90,20,99,50,80,50,51,473,78995,2394,200,82,83,A
Meghan,Sparks,4,5,5,3,180,1,0,0,21,3,4,58,65,62,75,68,57,71,69,20,89,50,69,50,60,363,79038,2395,50,133,69,D
Austin,Novak,4,5,3,8,190,1,1,0,1,5,6,65,65,67,48,65,50,70,58,29,89,58,56,50,50,310,68908,2396,25,107,63,E
Elvis,Zeltins,4,5,1,8,167,14,1,0,28,11,5,64,60,60,58,59,56,58,59,37,80,72,52,76,59,310,66315,2397,25,111,63,E
Artis,Shtrovalds,1,0,5,11,227,14,1,0,11,10,3,68,68,55,68,68,68,59,59,25,68,55,55,51,50,310,33723,2398,50,88,63,E
Franco Jesús,Méndez,1,0,5,4,181,11,0,0,1,10,9,74,75,50,74,74,74,50,70,21,83,55,50,50,50,361,78893,2399,50,140,69,E
Nicklas,Johan,1,0,5,6,200,18,1,0,11,11,1,64,64,73,70,67,68,51,65,20,70,51,54,50,50,310,77601,2400,50,85,63,E
Tommy,Bigelow,5,3,4,12,235,1,1,0,5,12,1,96,85,85,33,54,82,83,75,30,50,83,99,55,65,482,48556,2401,25,290,84,E
Marcus,Lindholm,4,5,2,9,191,5,0,0,7,7,1,69,78,75,40,58,45,75,74,45,88,66,58,50,50,343,79200,2402,25,119,67,E
Aditya,Sriwasth,4,5,2,6,162,2,1,0,10,4,6,72,76,70,47,58,51,64,73,24,76,50,51,50,54,310,4494,2403,25,118,63,E
Daniel,Topps,2,0,7,9,210,2,0,0,30,1,1,36,34,34,77,72,72,67,63,20,50,50,73,88,59,310,79254,2404,25,182,63,E
Zeke,McGann,2,0,7,9,230,2,0,0,19,2,1,35,49,43,68,67,65,74,68,29,50,54,73,59,58,310,79283,2405,25,155,63,E
Tiikeri,Äyräkkäinen,2,0,8,17,250,6,0,0,11,11,3,77,76,68,46,62,67,45,56,20,50,50,76,50,51,310,79286,2406,25,137,63,E
Bob,Anderson,2,0,8,6,187,1,0,0,13,4,4,73,65,64,64,72,45,65,59,29,50,50,64,50,50,313,79149,2407,25,130,63,E
Jeremy,Ronalds,3,4,4,10,220,11,0,0,14,2,9,66,57,60,62,58,65,71,64,40,50,50,67,50,63,331,79377,2408,25,150,65,E
Siberia,Appletree,2,0,6,10,200,1,1,0,4,3,3,56,42,54,74,66,66,77,59,36,50,50,63,66,83,343,79378,2409,25,197,67,E
Kamil,Sikora,5,3,3,9,205,8,1,0,18,4,5,59,85,74,52,58,47,77,60,29,50,54,67,50,54,322,66439,2410,25,133,64,E
Chris,Walters,4,3,2,8,195,1,0,0,22,6,8,58,77,72,38,63,50,75,58,20,74,71,73,50,50,325,21,2411,25,116,64,E
Kavan,DuBois,3,5,1,9,185,19,0,0,19,10,9,77,71,67,48,64,55,60,59,44,50,50,53,51,63,310,79385,2412,25,132,63,E
Walter,White,2,0,8,7,180,5,0,0,16,9,4,65,65,65,57,61,61,65,64,24,50,50,65,50,51,310,79471,2413,25,138,63,E
Dillon,Pittman,1,0,5,10,200,1,0,0,15,5,1,81,82,78,82,75,75,50,58,20,82,50,50,50,78,398,79508,2414,80,157,74,B
Gunnar,Stach,2,0,8,7,210,10,0,0,14,3,1,67,79,76,55,64,53,70,52,24,50,50,52,50,50,310,71400,2415,25,138,63,E
Ryan,Crappa,4,5,3,9,220,2,0,0,27,10,6,69,72,67,52,54,62,70,56,20,77,50,54,50,51,310,73600,2416,25,127,63,E
Jonathen,Schaffer,1,0,5,9,230,2,0,0,10,7,2,67,67,54,69,69,69,69,70,20,68,50,50,50,67,328,79122,2417,50,113,65,E
Chase,Lance,4,5,3,6,185,2,0,0,7,11,7,69,59,60,56,62,60,59,59,40,75,72,52,53,71,319,54558,2418,25,122,64,E
Philipp,Marquardt,3,0,1,5,154,10,0,0,19,8,6,90,90,90,30,80,51,90,80,20,50,80,44,50,50,419,26,2419,85,170,76,C
Tamás,Tokaji,5,0,1,13,200,11,0,0,9,9,5,63,56,58,52,61,61,57,56,41,74,74,63,71,53,310,80319,2420,25,114,63,E
Drezz,Rodriguez,1,0,5,5,185,1,1,0,3,1,5,78,78,72,83,76,75,60,63,42,83,64,77,50,74,431,2,2421,70,159,78,C
Lorant,Hartmann,2,0,6,11,188,1,1,0,15,5,2,34,47,64,82,77,68,56,73,20,50,50,52,50,58,310,47141,2422,25,157,63,E
Kevin,Wieser,2,0,7,8,221,1,0,0,12,8,6,89,35,72,83,75,85,38,84,30,50,50,87,82,72,434,79872,2423,135,167,78,B
Jay,Buttana,4,3,1,5,185,1,0,0,1,1,1,80,58,65,44,63,51,70,65,29,70,52,57,50,59,310,80990,2424,25,126,63,E
Phillip,den Hollander,2,0,7,9,220,1,0,0,1,10,5,82,30,63,72,69,81,32,80,22,50,50,80,80,70,360,24318,2425,50,184,69,D
Sacha,Mkheidze,3,5,4,7,220,3,1,1,7,12,5,74,73,63,73,70,64,73,62,20,50,50,73,50,55,380,7872,2426,85,145,71,C
Tyler,Bosse,2,0,9,6,152,2,0,1,13,1,5,58,58,58,58,66,61,57,58,48,50,68,58,68,59,310,82051,2427,25,132,63,E
Jonathan,Hicks,3,5,3,3,120,1,1,1,6,5,3,95,95,99,32,71,46,95,65,22,50,52,52,50,51,404,81117,2428,135,111,74,B
Jeromir,Jegr,5,4,4,10,219,6,1,1,2,6,10,74,61,70,59,69,62,73,60,20,50,50,74,50,65,360,48282,2429,50,173,69,D
Michael,Sisovsky,4,5,1,8,200,8,0,1,12,8,5,70,57,70,48,61,55,68,61,22,72,50,65,50,60,310,61626,2430,25,131,63,E
Noah,Brusky,1,0,5,13,218,2,1,1,24,4,5,88,83,50,82,78,88,50,54,20,88,73,50,50,51,416,82856,2431,80,166,76,B
Steven,Broughton,3,4,3,8,210,1,1,1,30,10,5,68,68,68,68,66,66,68,67,35,65,65,67,66,65,395,82723,2432,135,99,73,B
Denis,Lever,5,3,4,9,225,2,0,1,2,1,5,73,72,63,73,70,64,73,63,20,50,50,73,50,55,380,83345,2433,85,146,71,C
